alias_norm,match_type,product_count,product_ids,product_names
3 кольца 55,exact,1,94,Протекторное кольцо - D 055мм
32 гвозди,exact,1,1200,№32 Гвозди усиленные для монтажного пистолета
55-105 4шт,exact,1,67,Круглая универсальная платформа 055-105мм под светильник
alteza counter led pro черный 18 метров забронируйте за нами: стенового профиля надо 4 метра. потолочного черного 10 метров. рассеивателя к ним 40 метров,exact,3,"811, 813, 497",Профиль А2 ALTEZA Contour-Pro LED потолочный парящий под вст | Профиль А2 ALTEZA Contour-Pro LED стеновой парящий под встав | Рассеиватель/экран ТЭП для профиля парящего Contour-Pro LED 
euro06 2м,fuzzy,1,753,FLEXY EURO 06 ПФ 3347 Профиль АЛ потолочный теневой черный 2
gx 53,kb_group,3,"1299, 1300, 1292",Светильник GX53 OPTIMA BLACK матовый термостойкий | Светильник GX53 Белый под 85 кольцо | Светильник GX53 Белый под 90 кольцо
gx белые 8 шт,exact,1,1292,Светильник GX53 Белый под 90 кольцо
gx белый,kb_group,3,"1299, 1300, 1292",Светильник GX53 OPTIMA BLACK матовый термостойкий | Светильник GX53 Белый под 85 кольцо | Светильник GX53 Белый под 90 кольцо
gx черный мат,kb_group,3,"1299, 1300, 1292",Светильник GX53 OPTIMA BLACK матовый термостойкий | Светильник GX53 Белый под 85 кольцо | Светильник GX53 Белый под 90 кольцо
gx53,kb_group,3,"1299, 1300, 1292",Светильник GX53 OPTIMA BLACK матовый термостойкий | Светильник GX53 Белый под 85 кольцо | Светильник GX53 Белый под 90 кольцо
gx53 белые -17 шт,exact,1,1292,Светильник GX53 Белый под 90 кольцо
gx53 белый,kb_group,3,"1299, 1300, 1292",Светильник GX53 OPTIMA BLACK матовый термостойкий | Светильник GX53 Белый под 85 кольцо | Светильник GX53 Белый под 90 кольцо
аконг,kb_group,1,1232,Клей Okong C-501 20г \Оконг - 20гр.
алюм тяж,kb_group,1,702,Профиль ТЯЖЕЛЫЙ (145г/м) АЛ стеновой гарпунный перфорированн
ам 01,kb_group,4,"841, 842, 843, 844","Профиль АМ1 (1 ряд Гардина) МАТОВЫЙ БЕЛЫЙ (2,0м) 10м/у | Профиль АМ1 (1 ряд Гардина) МАТОВЫЙ БЕЛЫЙ (3,2м) 16м/у | Профиль АМ1 (1 ряд Гардина) МАТОВЫЙ ЧЕРНЫЙ (2,0м) 10м/у | Профиль АМ1 (1 ряд Гардина) МАТОВЫЙ ЧЕРНЫЙ (3,2м) 16м/у"
ам 01 черный,kb_group,4,"841, 842, 843, 844","Профиль АМ1 (1 ряд Гардина) МАТОВЫЙ БЕЛЫЙ (2,0м) 10м/у | Профиль АМ1 (1 ряд Гардина) МАТОВЫЙ БЕЛЫЙ (3,2м) 16м/у | Профиль АМ1 (1 ряд Гардина) МАТОВЫЙ ЧЕРНЫЙ (2,0м) 10м/у | Профиль АМ1 (1 ряд Гардина) МАТОВЫЙ ЧЕРНЫЙ (3,2м) 16м/у"
ам1,kb_group,4,"841, 842, 843, 844","Профиль АМ1 (1 ряд Гардина) МАТОВЫЙ БЕЛЫЙ (2,0м) 10м/у | Профиль АМ1 (1 ряд Гардина) МАТОВЫЙ БЕЛЫЙ (3,2м) 16м/у | Профиль АМ1 (1 ряд Гардина) МАТОВЫЙ ЧЕРНЫЙ (2,0м) 10м/у | Профиль АМ1 (1 ряд Гардина) МАТОВЫЙ ЧЕРНЫЙ (3,2м) 16м/у"
ам1 2мп заглушки тандем,exact,2,"417, 841","Комплект торцевых заглушек АМ1 (на 2 торца профиля) БЕЛЫЕ | Профиль АМ1 (1 ряд Гардина) МАТОВЫЙ БЕЛЫЙ (2,0м) 10м/у"
ам1 белый,kb_group,4,"841, 842, 843, 844","Профиль АМ1 (1 ряд Гардина) МАТОВЫЙ БЕЛЫЙ (2,0м) 10м/у | Профиль АМ1 (1 ряд Гардина) МАТОВЫЙ БЕЛЫЙ (3,2м) 16м/у | Профиль АМ1 (1 ряд Гардина) МАТОВЫЙ ЧЕРНЫЙ (2,0м) 10м/у | Профиль АМ1 (1 ряд Гардина) МАТОВЫЙ ЧЕРНЫЙ (3,2м) 16м/у"
ам1 черный,kb_group,4,"841, 842, 843, 844","Профиль АМ1 (1 ряд Гардина) МАТОВЫЙ БЕЛЫЙ (2,0м) 10м/у | Профиль АМ1 (1 ряд Гардина) МАТОВЫЙ БЕЛЫЙ (3,2м) 16м/у | Профиль АМ1 (1 ряд Гардина) МАТОВЫЙ ЧЕРНЫЙ (2,0м) 10м/у | Профиль АМ1 (1 ряд Гардина) МАТОВЫЙ ЧЕРНЫЙ (3,2м) 16м/у"
балон,exact,1,1239,Газ для монтажного пистолета
бауф,kb_group,1,7,МАТ BAUF 205
бауф 205,kb_group,1,7,МАТ BAUF 205
бауф 205 мат,kb_group,1,7,МАТ BAUF 205
бауф мат 205,kb_group,1,7,МАТ BAUF 205
белый мат классик,kb_group,1,16,МАТ MSD CLASSIC
белый мат премиум,kb_group,1,21,МАТ MSD PREMIUM
белый матовый классик,kb_group,1,16,МАТ MSD CLASSIC
белый матовый премиум,kb_group,1,21,МАТ MSD PREMIUM
белый флай 02,kb_group,1,798,FLEXY FLY 02 ПФ 8406 Профиль АЛ стеновой парящий белый 2.0м 
белый флекси флай 02,kb_group,1,798,FLEXY FLY 02 ПФ 8406 Профиль АЛ стеновой парящий белый 2.0м 
бизон 28 метров,exact,1,709,Профиль ЕВРОТЕНЕВОЙ ПВХ стеновой 2.0м
биты если есть средние две,exact,1,1225,Бита магнитная KRAFTOOL PH2*100мм
блок,kb_group,32,"1503, 1505, 1498, 1496, 1499, 1501, 1504, 1500, 1502, 1509, 1512, 1510, 1507, 1508, 1511, 1534, 1484, 1490, 1492, 1493, 1489, 1485, 1491, 1494, 1486, 1487, 1533, 1529, 1530, 1531, 1532, 1528",12V 100W блок питания IP44 ELEGANZ | 12V 150W блок питания IP44 ELEGANZ | 12V 150W блок питания узкий IP20 ELEGANZ | 12V 200W блок питания узкий IP20 ELEGANZ | 12V 200W блок питания узкий IP44  ELEGANZ | ...+27
блок 150,kb_group,32,"1503, 1505, 1498, 1496, 1499, 1501, 1504, 1500, 1502, 1509, 1512, 1510, 1507, 1508, 1511, 1534, 1484, 1490, 1492, 1493, 1489, 1485, 1491, 1494, 1486, 1487, 1533, 1529, 1530, 1531, 1532, 1528",12V 100W блок питания IP44 ELEGANZ | 12V 150W блок питания IP44 ELEGANZ | 12V 150W блок питания узкий IP20 ELEGANZ | 12V 200W блок питания узкий IP20 ELEGANZ | 12V 200W блок питания узкий IP44  ELEGANZ | ...+27
блок 24v 060w eleganz,kb_group,6,"1509, 1512, 1510, 1507, 1508, 1511",24V 100W блок питания IP44 ELEGANZ | 24V 150W блок питания IP44 ELEGANZ | 24V 200W блок питания узкий IP44 ELEGANZ | 24V 300W блок питания IP44 ELEGANZ | 24V 400W блок питания IP44 ELEGANZ | ...+1
блок 24v 100w eleganz,kb_group,6,"1509, 1512, 1510, 1507, 1508, 1511",24V 100W блок питания IP44 ELEGANZ | 24V 150W блок питания IP44 ELEGANZ | 24V 200W блок питания узкий IP44 ELEGANZ | 24V 300W блок питания IP44 ELEGANZ | 24V 400W блок питания IP44 ELEGANZ | ...+1
блок 24v 150w eleganz,kb_group,6,"1509, 1512, 1510, 1507, 1508, 1511",24V 100W блок питания IP44 ELEGANZ | 24V 150W блок питания IP44 ELEGANZ | 24V 200W блок питания узкий IP44 ELEGANZ | 24V 300W блок питания IP44 ELEGANZ | 24V 400W блок питания IP44 ELEGANZ | ...+1
блок 24v 200w eleganz,kb_group,6,"1509, 1512, 1510, 1507, 1508, 1511",24V 100W блок питания IP44 ELEGANZ | 24V 150W блок питания IP44 ELEGANZ | 24V 200W блок питания узкий IP44 ELEGANZ | 24V 300W блок питания IP44 ELEGANZ | 24V 400W блок питания IP44 ELEGANZ | ...+1
блок 24v 300w eleganz,kb_group,6,"1509, 1512, 1510, 1507, 1508, 1511",24V 100W блок питания IP44 ELEGANZ | 24V 150W блок питания IP44 ELEGANZ | 24V 200W блок питания узкий IP44 ELEGANZ | 24V 300W блок питания IP44 ELEGANZ | 24V 400W блок питания IP44 ELEGANZ | ...+1
блок 250,kb_group,32,"1503, 1505, 1498, 1496, 1499, 1501, 1504, 1500, 1502, 1509, 1512, 1510, 1507, 1508, 1511, 1534, 1484, 1490, 1492, 1493, 1489, 1485, 1491, 1494, 1486, 1487, 1533, 1529, 1530, 1531, 1532, 1528",12V 100W блок питания IP44 ELEGANZ | 12V 150W блок питания IP44 ELEGANZ | 12V 150W блок питания узкий IP20 ELEGANZ | 12V 200W блок питания узкий IP20 ELEGANZ | 12V 200W блок питания узкий IP44  ELEGANZ | ...+27
блок 60w,kb_group,32,"1503, 1505, 1498, 1496, 1499, 1501, 1504, 1500, 1502, 1509, 1512, 1510, 1507, 1508, 1511, 1534, 1484, 1490, 1492, 1493, 1489, 1485, 1491, 1494, 1486, 1487, 1533, 1529, 1530, 1531, 1532, 1528",12V 100W блок питания IP44 ELEGANZ | 12V 150W блок питания IP44 ELEGANZ | 12V 150W блок питания узкий IP20 ELEGANZ | 12V 200W блок питания узкий IP20 ELEGANZ | 12V 200W блок питания узкий IP44  ELEGANZ | ...+27
блок на 100в,kb_group,32,"1503, 1505, 1498, 1496, 1499, 1501, 1504, 1500, 1502, 1509, 1512, 1510, 1507, 1508, 1511, 1534, 1484, 1490, 1492, 1493, 1489, 1485, 1491, 1494, 1486, 1487, 1533, 1529, 1530, 1531, 1532, 1528",12V 100W блок питания IP44 ELEGANZ | 12V 150W блок питания IP44 ELEGANZ | 12V 150W блок питания узкий IP20 ELEGANZ | 12V 200W блок питания узкий IP20 ELEGANZ | 12V 200W блок питания узкий IP44  ELEGANZ | ...+27
блок питания- 60 ват 24 вольт думлайт - 2 штук,fuzzy,1,1486,"Блок питания Dumlight 60w серия DUB 24v длинный IP40 340х17,"
бокс,kb_group,8,"727, 728, 729, 743, 744, 745, 746, 747","Бокс АД31Т1 40х20х1,25 мм. - 2.0м | Бокс АД31Т1 40х40х1,1 мм.  - 2,0м | Бокс АД31Т1 60х40х0,2 мм.- 2.0м | Брус белый для профиля атом 30*40*1.6 2.0м | Брус белый для профиля атом 30*60*2 2.0м | ...+3"
бокс 20*40,kb_group,8,"727, 728, 729, 743, 744, 745, 746, 747","Бокс АД31Т1 40х20х1,25 мм. - 2.0м | Бокс АД31Т1 40х40х1,1 мм.  - 2,0м | Бокс АД31Т1 60х40х0,2 мм.- 2.0м | Брус белый для профиля атом 30*40*1.6 2.0м | Брус белый для профиля атом 30*60*2 2.0м | ...+3"
бокс 20/40,kb_group,8,"727, 728, 729, 743, 744, 745, 746, 747","Бокс АД31Т1 40х20х1,25 мм. - 2.0м | Бокс АД31Т1 40х40х1,1 мм.  - 2,0м | Бокс АД31Т1 60х40х0,2 мм.- 2.0м | Брус белый для профиля атом 30*40*1.6 2.0м | Брус белый для профиля атом 30*60*2 2.0м | ...+3"
бокс 30х40 черный,kb_group,8,"727, 728, 729, 743, 744, 745, 746, 747","Бокс АД31Т1 40х20х1,25 мм. - 2.0м | Бокс АД31Т1 40х40х1,1 мм.  - 2,0м | Бокс АД31Т1 60х40х0,2 мм.- 2.0м | Брус белый для профиля атом 30*40*1.6 2.0м | Брус белый для профиля атом 30*60*2 2.0м | ...+3"
бокс 40*40,kb_group,8,"727, 728, 729, 743, 744, 745, 746, 747","Бокс АД31Т1 40х20х1,25 мм. - 2.0м | Бокс АД31Т1 40х40х1,1 мм.  - 2,0м | Бокс АД31Т1 60х40х0,2 мм.- 2.0м | Брус белый для профиля атом 30*40*1.6 2.0м | Брус белый для профиля атом 30*60*2 2.0м | ...+3"
бокс черный 30*40 - 6 м,exact,1,746,Брус черный для профиля атом 30*40*1.6 2.0м
бп,kb_group,2,"733, 734",БП40 АЛ профиль брусок 2.0м | БП40 ПВХ профиль брусок 2.5м
бп 40,kb_group,2,"733, 734",БП40 АЛ профиль брусок 2.0м | БП40 ПВХ профиль брусок 2.5м
бп 40 -2 метра,exact,1,733,БП40 АЛ профиль брусок 2.0м
бп-40,kb_group,2,"733, 734",БП40 АЛ профиль брусок 2.0м | БП40 ПВХ профиль брусок 2.5м
бп-40 4м,exact,1,733,БП40 АЛ профиль брусок 2.0м
бп40,kb_group,2,"733, 734",БП40 АЛ профиль брусок 2.0м | БП40 ПВХ профиль брусок 2.5м
брус,kb_group,2,"1153, 1154",Брус деревянный сращенный 40*50мм - 1 м. (МЕТРОВЫЙ) | Брус деревянный сращенный 40*50мм 2 м. (ДВУХМЕТРОВЫЙ)
брус 10м,fuzzy,1,1154,Брус деревянный сращенный 40*50мм 2 м. (ДВУХМЕТРОВЫЙ)
брус 2м,kb_group,2,"1153, 1154",Брус деревянный сращенный 40*50мм - 1 м. (МЕТРОВЫЙ) | Брус деревянный сращенный 40*50мм 2 м. (ДВУХМЕТРОВЫЙ)
брус 40*50,kb_group,2,"1153, 1154",Брус деревянный сращенный 40*50мм - 1 м. (МЕТРОВЫЙ) | Брус деревянный сращенный 40*50мм 2 м. (ДВУХМЕТРОВЫЙ)
брус 40х50,kb_group,2,"1153, 1154",Брус деревянный сращенный 40*50мм - 1 м. (МЕТРОВЫЙ) | Брус деревянный сращенный 40*50мм 2 м. (ДВУХМЕТРОВЫЙ)
брус 6м,fuzzy,1,1154,Брус деревянный сращенный 40*50мм 2 м. (ДВУХМЕТРОВЫЙ)
брус дерево 6м,fuzzy,1,1154,Брус деревянный сращенный 40*50мм 2 м. (ДВУХМЕТРОВЫЙ)
бруса,kb_group,2,"1153, 1154",Брус деревянный сращенный 40*50мм - 1 м. (МЕТРОВЫЙ) | Брус деревянный сращенный 40*50мм 2 м. (ДВУХМЕТРОВЫЙ)
быстрый монтаж 1 шт,exact/fuzzy,2,"738, 70",FLEXY BRUS 03 ПФ 8153 Профиль АЛ конструктивный брус нишевой | Круглая универсальная платформа с пластиной для моментальной
быстрый монтаж 21 шт,exact,1,70,Круглая универсальная платформа с пластиной для моментальной
ваги,kb_group/manual,2,"1202, 1203",Ваго 2х канальные | Ваго 3х канальные
ваги 26,exact,1,1202,Ваго 2х канальные
ваги 2ки,kb_group,2,"1202, 1203",Ваго 2х канальные | Ваго 3х канальные
ваги двойные,kb_group,1,1202,Ваго 2х канальные
ваги тройные,kb_group,1,1203,Ваго 3х канальные
ваги3,kb_group,2,"1202, 1203",Ваго 2х канальные | Ваго 3х канальные
ваго,kb_group/manual,2,"1202, 1203",Ваго 2х канальные | Ваго 3х канальные
ваго 2-ные 50шт,exact,1,1202,Ваго 2х канальные
ваго 3е,kb_group,2,"1202, 1203",Ваго 2х канальные | Ваго 3х канальные
ваго 3ки,kb_group,2,"1202, 1203",Ваго 2х канальные | Ваго 3х канальные
ваго 3ки пачка,exact,1,1203,Ваго 3х канальные
ваго 3х,kb_group,2,"1202, 1203",Ваго 2х канальные | Ваго 3х канальные
ваго двойные,kb_group,1,1202,Ваго 2х канальные
ваго тройные,kb_group,1,1203,Ваго 3х канальные
вент решетка пластик 100д + кольцо 2шт,exact,1,300,Вентиляционная решетка с кольцом 100 мм белый PROFI
вставка,kb_group,1,41,Вставка белая TL Готика
вставка 150м,exact,1,41,Вставка белая TL Готика
вставка белая,kb_group,1,41,Вставка белая TL Готика
вставка белая 5м,exact,1,41,Вставка белая TL Готика
вставка белая готика,kb_group,1,41,Вставка белая TL Готика
вставка белая по периметру,kb_group,1,41,Вставка белая TL Готика
вставка в него 30м,fuzzy,1,479,FLEXY PVC FLY Вставка светорассеивающая силикон для профиля 
вставка в пк,kb_group,2,"46, 47","Вставка RU узкая для ПК14, ПК16, АМ1 - Белая | Вставка RU узкая для ПК14, ПК16, АМ1 - Черная"
вставка в пк 14,kb_group,2,"46, 47","Вставка RU узкая для ПК14, ПК16, АМ1 - Белая | Вставка RU узкая для ПК14, ПК16, АМ1 - Черная"
вставка в пк 6м,exact,1,46,"Вставка RU узкая для ПК14, ПК16, АМ1 - Белая"
вставка в пк белая 40м,exact,1,46,"Вставка RU узкая для ПК14, ПК16, АМ1 - Белая"
вставка в пк черная,kb_group,2,"46, 47","Вставка RU узкая для ПК14, ПК16, АМ1 - Белая | Вставка RU узкая для ПК14, ПК16, АМ1 - Черная"
вставка в пк-14 5м,exact,1,46,"Вставка RU узкая для ПК14, ПК16, АМ1 - Белая"
вставка в пк14,kb_group,2,"46, 47","Вставка RU узкая для ПК14, ПК16, АМ1 - Белая | Вставка RU узкая для ПК14, ПК16, АМ1 - Черная"
вставка готика,kb_group,1,41,Вставка белая TL Готика
вставка готика белая,kb_group,1,41,Вставка белая TL Готика
вставка для пк14,kb_group,2,"46, 47","Вставка RU узкая для ПК14, ПК16, АМ1 - Белая | Вставка RU узкая для ПК14, ПК16, АМ1 - Черная"
вставка периметр,kb_group,1,41,Вставка белая TL Готика
вставка по периметру,kb_group,1,41,Вставка белая TL Готика
вставка т готика,kb_group,1,41,Вставка белая TL Готика
вставка черная,kb_group,1,41,Вставка белая TL Готика
вставка черная мат,kb_group,1,41,Вставка белая TL Готика
вставки,kb_group,1,41,Вставка белая TL Готика
вставку 42 метра,exact,1,41,Вставка белая TL Готика
вставку к ней-9 метров,exact,1,46,"Вставка RU узкая для ПК14, ПК16, АМ1 - Белая"
вставку по периметру,kb_group,1,41,Вставка белая TL Готика
гардина 2 05 белая,kb_group,4,"918, 919, 920, 921","FLEXY GARDINA2 05 ПФ 11058 Гардина 2-х рядная белая 2.2 м 4, | FLEXY GARDINA2 05 ПФ 11058 Гардина 2-х рядная белая 3.2м 6,4 | FLEXY GARDINA2 05 ПФ 11058 Гардина 2-х рядная черная 2.2 м 4 | FLEXY GARDINA2 05 ПФ 11058 Гардина 2-х рядная черная 3.2м 6,"
"гардина 2 05 белая 3,2м",kb_group,4,"918, 919, 920, 921","FLEXY GARDINA2 05 ПФ 11058 Гардина 2-х рядная белая 2.2 м 4, | FLEXY GARDINA2 05 ПФ 11058 Гардина 2-х рядная белая 3.2м 6,4 | FLEXY GARDINA2 05 ПФ 11058 Гардина 2-х рядная черная 2.2 м 4 | FLEXY GARDINA2 05 ПФ 11058 Гардина 2-х рядная черная 3.2м 6,"
гардина 2 05 черная,kb_group,4,"918, 919, 920, 921","FLEXY GARDINA2 05 ПФ 11058 Гардина 2-х рядная белая 2.2 м 4, | FLEXY GARDINA2 05 ПФ 11058 Гардина 2-х рядная белая 3.2м 6,4 | FLEXY GARDINA2 05 ПФ 11058 Гардина 2-х рядная черная 2.2 м 4 | FLEXY GARDINA2 05 ПФ 11058 Гардина 2-х рядная черная 3.2м 6,"
гардина 2.05 бел 3.2 -2 шт,fuzzy,1,919,"FLEXY GARDINA2 05 ПФ 11058 Гардина 2-х рядная белая 3.2м 6,4"
гардина 2.2,kb_group,4,"918, 919, 920, 921","FLEXY GARDINA2 05 ПФ 11058 Гардина 2-х рядная белая 2.2 м 4, | FLEXY GARDINA2 05 ПФ 11058 Гардина 2-х рядная белая 3.2м 6,4 | FLEXY GARDINA2 05 ПФ 11058 Гардина 2-х рядная черная 2.2 м 4 | FLEXY GARDINA2 05 ПФ 11058 Гардина 2-х рядная черная 3.2м 6,"
гардина п50 белая 2м,kb_group,4,"918, 919, 920, 921","FLEXY GARDINA2 05 ПФ 11058 Гардина 2-х рядная белая 2.2 м 4, | FLEXY GARDINA2 05 ПФ 11058 Гардина 2-х рядная белая 3.2м 6,4 | FLEXY GARDINA2 05 ПФ 11058 Гардина 2-х рядная черная 2.2 м 4 | FLEXY GARDINA2 05 ПФ 11058 Гардина 2-х рядная черная 3.2м 6,"
гвозди 16,kb_group,11,"1191, 1192, 1193, 1194, 1195, 1196, 1197, 1198, 1199, 1200, 1201",№16 Гвозди кованые для монтажного пистолета | №16 Гвозди усиленные для монтажного пистолета | №19 Гвозди кованые для монтажного пистолета | №19 Гвозди усиленные для монтажного пистолета | №22 Гвозди кованые для монтажного пистолета | ...+6
гвозди 19,kb_group,11,"1191, 1192, 1193, 1194, 1195, 1196, 1197, 1198, 1199, 1200, 1201",№16 Гвозди кованые для монтажного пистолета | №16 Гвозди усиленные для монтажного пистолета | №19 Гвозди кованые для монтажного пистолета | №19 Гвозди усиленные для монтажного пистолета | №22 Гвозди кованые для монтажного пистолета | ...+6
гвозди 19-е пачка,exact,1,1193,№19 Гвозди кованые для монтажного пистолета
гвозди 19е,exact,1,1193,№19 Гвозди кованые для монтажного пистолета
гвозди 22,kb_group,11,"1191, 1192, 1193, 1194, 1195, 1196, 1197, 1198, 1199, 1200, 1201",№16 Гвозди кованые для монтажного пистолета | №16 Гвозди усиленные для монтажного пистолета | №19 Гвозди кованые для монтажного пистолета | №19 Гвозди усиленные для монтажного пистолета | №22 Гвозди кованые для монтажного пистолета | ...+6
гвозди 22пачку,exact,1,1195,№22 Гвозди кованые для монтажного пистолета
гвозди 25,kb_group,11,"1191, 1192, 1193, 1194, 1195, 1196, 1197, 1198, 1199, 1200, 1201",№16 Гвозди кованые для монтажного пистолета | №16 Гвозди усиленные для монтажного пистолета | №19 Гвозди кованые для монтажного пистолета | №19 Гвозди усиленные для монтажного пистолета | №22 Гвозди кованые для монтажного пистолета | ...+6
гвозди 32,kb_group,11,"1191, 1192, 1193, 1194, 1195, 1196, 1197, 1198, 1199, 1200, 1201",№16 Гвозди кованые для монтажного пистолета | №16 Гвозди усиленные для монтажного пистолета | №19 Гвозди кованые для монтажного пистолета | №19 Гвозди усиленные для монтажного пистолета | №22 Гвозди кованые для монтажного пистолета | ...+6
диммер 1шт,exact,1,1469,"Контроллер Dumlight Ampe CNT-1-8-DIM, 8A-5-36vDC (для одноцв"
дюбелей 35х,kb_group,2,"1207, 1208",Дюбель 6*35- синий (1000шт) | Дюбель 6*35- синий (500 шт) NEW
дюбель,kb_group,2,"1207, 1208",Дюбель 6*35- синий (1000шт) | Дюбель 6*35- синий (500 шт) NEW
дюбель 35,kb_group,2,"1207, 1208",Дюбель 6*35- синий (1000шт) | Дюбель 6*35- синий (500 шт) NEW
дюбеля,kb_group,2,"1207, 1208",Дюбель 6*35- синий (1000шт) | Дюбель 6*35- синий (500 шт) NEW
дюбеля пачку,exact,1,1207,Дюбель 6*35- синий (1000шт)
дюпель 35,kb_group,2,"1207, 1208",Дюбель 6*35- синий (1000шт) | Дюбель 6*35- синий (500 шт) NEW
евро 05 флекси,kb_group,1,752,FLEXY EURO 05 ПФ 8587 Профиль АЛ стеновой теневой черный 2.0
евро крааб - 1 палка,exact,1,763,Профиль EUROKRAAB стеновой теневой 2.0м + соединитель прямой
еврокрааб,kb_group,1,763,Профиль EUROKRAAB стеновой теневой 2.0м + соединитель прямой
еврокраб,kb_group,1,763,Профиль EUROKRAAB стеновой теневой 2.0м + соединитель прямой
еврокраб 2.0,kb_group,1,763,Профиль EUROKRAAB стеновой теневой 2.0м + соединитель прямой
еврокраб стеновой 16м.п,exact,1,763,Профиль EUROKRAAB стеновой теневой 2.0м + соединитель прямой
еврокраб стеновой 34метра,exact,1,763,Профиль EUROKRAAB стеновой теневой 2.0м + соединитель прямой
еврокраба,kb_group,1,763,Профиль EUROKRAAB стеновой теневой 2.0м + соединитель прямой
заглушки для пк,kb_group,6,"422, 419, 415, 416, 420, 421",Комплект торцевых заглушек МАГНИТНЫХ ПК14 (на 2 торца профил | Комплект торцевых заглушек МАГНИТНЫХ ПК14 (на 2 торца профил | Комплект торцевых заглушек ПК14 (на 2 торца профиля) - Белый | Комплект торцевых заглушек ПК14 (на 2 торца профиля) - Черны | Комплект торцевых заглушек ПК14 3D БЕЛЫЙ (на 2 торца профиля | ...+1
заглушки для пк14,kb_group,6,"422, 419, 415, 416, 420, 421",Комплект торцевых заглушек МАГНИТНЫХ ПК14 (на 2 торца профил | Комплект торцевых заглушек МАГНИТНЫХ ПК14 (на 2 торца профил | Комплект торцевых заглушек ПК14 (на 2 торца профиля) - Белый | Комплект торцевых заглушек ПК14 (на 2 торца профиля) - Черны | Комплект торцевых заглушек ПК14 3D БЕЛЫЙ (на 2 торца профиля | ...+1
заглушки на пк 14,kb_group,6,"422, 419, 415, 416, 420, 421",Комплект торцевых заглушек МАГНИТНЫХ ПК14 (на 2 торца профил | Комплект торцевых заглушек МАГНИТНЫХ ПК14 (на 2 торца профил | Комплект торцевых заглушек ПК14 (на 2 торца профиля) - Белый | Комплект торцевых заглушек ПК14 (на 2 торца профиля) - Черны | Комплект торцевых заглушек ПК14 3D БЕЛЫЙ (на 2 торца профиля | ...+1
заглушки пк 14,kb_group,6,"422, 419, 415, 416, 420, 421",Комплект торцевых заглушек МАГНИТНЫХ ПК14 (на 2 торца профил | Комплект торцевых заглушек МАГНИТНЫХ ПК14 (на 2 торца профил | Комплект торцевых заглушек ПК14 (на 2 торца профиля) - Белый | Комплект торцевых заглушек ПК14 (на 2 торца профиля) - Черны | Комплект торцевых заглушек ПК14 3D БЕЛЫЙ (на 2 торца профиля | ...+1
заглушки пк14,kb_group,6,"422, 419, 415, 416, 420, 421",Комплект торцевых заглушек МАГНИТНЫХ ПК14 (на 2 торца профил | Комплект торцевых заглушек МАГНИТНЫХ ПК14 (на 2 торца профил | Комплект торцевых заглушек ПК14 (на 2 торца профиля) - Белый | Комплект торцевых заглушек ПК14 (на 2 торца профиля) - Черны | Комплект торцевых заглушек ПК14 3D БЕЛЫЙ (на 2 торца профиля | ...+1
закл под gx 8,exact,1,73,Круглая платформа 090мм под светильник
закладная 60-110,kb_group,2,"73, 68",Круглая платформа 090мм под светильник | Круглая универсальная платформа 060-110мм под светильник
закладная 90,kb_group,2,"73, 68",Круглая платформа 090мм под светильник | Круглая универсальная платформа 060-110мм под светильник
закладная 90 мм,kb_group,2,"73, 68",Круглая платформа 090мм под светильник | Круглая универсальная платформа 060-110мм под светильник
закладная для люстры,kb_group,1,74,Платформа КРУГ под люстру 200 мм. - 220 шт/меш
закладная для люстры фанера,kb_group,1,225,Платформа из фанеры 12мм под люстру квадрат 280*280мм с выре
закладная из фанеры люстровая -2 шт,exact,1,225,Платформа из фанеры 12мм под люстру квадрат 280*280мм с выре
закладная из фанеры под люстру,kb_group,1,225,Платформа из фанеры 12мм под люстру квадрат 280*280мм с выре
закладная люстра,kb_group,1,74,Платформа КРУГ под люстру 200 мм. - 220 шт/меш
закладная люстра фанера,kb_group,1,225,Платформа из фанеры 12мм под люстру квадрат 280*280мм с выре
закладная под вентилятор 100 из фанеры -1 шт,exact,1,227,Платформа из фанеры 12мм под вытяжку квадрат 220*220мм вырез
закладная под датчик из фанеры 2 шт,exact,1,223,Платформа из фанеры 12мм под датчик/спот круг D120мм вырез d
закладная под люстру,kb_group,1,74,Платформа КРУГ под люстру 200 мм. - 220 шт/меш
закладная под люстру из фанеры,kb_group,1,225,Платформа из фанеры 12мм под люстру квадрат 280*280мм с выре
закладная под люстру фанера,kb_group,1,225,Платформа из фанеры 12мм под люстру квадрат 280*280мм с выре
закладная пол накладной светильник 2 шт. подвесов 20шт,exact,2,"76, 1160",Платформа под пожарный датчик/спот 120мм | Подвес прямой 0.07 * 300мм
закладную под люстру,kb_group,1,74,Платформа КРУГ под люстру 200 мм. - 220 шт/меш
закладные,kb_group,2,"73, 68",Круглая платформа 090мм под светильник | Круглая универсальная платформа 060-110мм под светильник
закладные 90,kb_group,2,"73, 68",Круглая платформа 090мм под светильник | Круглая универсальная платформа 060-110мм под светильник
закладных под люстру,kb_group,1,74,Платформа КРУГ под люстру 200 мм. - 220 шт/меш
карниз пк 14,kb_group,5,"866, 867, 868, 869, 870","Профиль ПК14 МАТОВЫЙ БЕЛЫЙ (2,0м) 8м/у (НОВАЯ ПАРТИЯ, ДРУГОЙ | Профиль ПК14 МАТОВЫЙ БЕЛЫЙ (2,5м) 10 м/у (НОВАЯ ПАРТИЯ, ДРУГ | Профиль ПК14 МАТОВЫЙ БЕЛЫЙ (3,0м) 12 м/у (НОВАЯ ПАРТИЯ, ДРУГ | Профиль ПК14 МАТОВЫЙ БЕЛЫЙ (3,2м) 12,8м/у (НОВАЯ ПАРТИЯ, ДРУ | Профиль ПК14 МАТОВЫЙ БЕЛЫЙ (3,6м) 14,4 м/у (НОВАЯ ПАРТИЯ, ДР"
карниз пк 14 3 м,kb_group,5,"866, 867, 868, 869, 870","Профиль ПК14 МАТОВЫЙ БЕЛЫЙ (2,0м) 8м/у (НОВАЯ ПАРТИЯ, ДРУГОЙ | Профиль ПК14 МАТОВЫЙ БЕЛЫЙ (2,5м) 10 м/у (НОВАЯ ПАРТИЯ, ДРУГ | Профиль ПК14 МАТОВЫЙ БЕЛЫЙ (3,0м) 12 м/у (НОВАЯ ПАРТИЯ, ДРУГ | Профиль ПК14 МАТОВЫЙ БЕЛЫЙ (3,2м) 12,8м/у (НОВАЯ ПАРТИЯ, ДРУ | Профиль ПК14 МАТОВЫЙ БЕЛЫЙ (3,6м) 14,4 м/у (НОВАЯ ПАРТИЯ, ДР"
карниз пк 14 белый,kb_group,5,"866, 867, 868, 869, 870","Профиль ПК14 МАТОВЫЙ БЕЛЫЙ (2,0м) 8м/у (НОВАЯ ПАРТИЯ, ДРУГОЙ | Профиль ПК14 МАТОВЫЙ БЕЛЫЙ (2,5м) 10 м/у (НОВАЯ ПАРТИЯ, ДРУГ | Профиль ПК14 МАТОВЫЙ БЕЛЫЙ (3,0м) 12 м/у (НОВАЯ ПАРТИЯ, ДРУГ | Профиль ПК14 МАТОВЫЙ БЕЛЫЙ (3,2м) 12,8м/у (НОВАЯ ПАРТИЯ, ДРУ | Профиль ПК14 МАТОВЫЙ БЕЛЫЙ (3,6м) 14,4 м/у (НОВАЯ ПАРТИЯ, ДР"
карниз пк 14 белый 3м,kb_group,5,"866, 867, 868, 869, 870","Профиль ПК14 МАТОВЫЙ БЕЛЫЙ (2,0м) 8м/у (НОВАЯ ПАРТИЯ, ДРУГОЙ | Профиль ПК14 МАТОВЫЙ БЕЛЫЙ (2,5м) 10 м/у (НОВАЯ ПАРТИЯ, ДРУГ | Профиль ПК14 МАТОВЫЙ БЕЛЫЙ (3,0м) 12 м/у (НОВАЯ ПАРТИЯ, ДРУГ | Профиль ПК14 МАТОВЫЙ БЕЛЫЙ (3,2м) 12,8м/у (НОВАЯ ПАРТИЯ, ДРУ | Профиль ПК14 МАТОВЫЙ БЕЛЫЙ (3,6м) 14,4 м/у (НОВАЯ ПАРТИЯ, ДР"
карниз пк14,kb_group,5,"866, 867, 868, 869, 870","Профиль ПК14 МАТОВЫЙ БЕЛЫЙ (2,0м) 8м/у (НОВАЯ ПАРТИЯ, ДРУГОЙ | Профиль ПК14 МАТОВЫЙ БЕЛЫЙ (2,5м) 10 м/у (НОВАЯ ПАРТИЯ, ДРУГ | Профиль ПК14 МАТОВЫЙ БЕЛЫЙ (3,0м) 12 м/у (НОВАЯ ПАРТИЯ, ДРУГ | Профиль ПК14 МАТОВЫЙ БЕЛЫЙ (3,2м) 12,8м/у (НОВАЯ ПАРТИЯ, ДРУ | Профиль ПК14 МАТОВЫЙ БЕЛЫЙ (3,6м) 14,4 м/у (НОВАЯ ПАРТИЯ, ДР"
кламп умбра 10м,fuzzy,1,782,Профиль Lumfer Clamp Umbra теневой  2.0м + белая вставка CLA
клей двухкомпонентный,exact,1,1228,Клей 2-ух компонентный AKfix - 50/200мл
клей крокс,kb_group,1,1231,"Клей Kroxx/Крокс ""301"" - 20гр."
клей крокс 1шт,exact,1,1231,"Клей Kroxx/Крокс ""301"" - 20гр."
клей оконг,kb_group,1,1232,Клей Okong C-501 20г \Оконг - 20гр.
клей оконг 20мм,kb_group,1,1232,Клей Okong C-501 20г \Оконг - 20гр.
клея оконг,kb_group,1,1232,Клей Okong C-501 20г \Оконг - 20гр.
клопики саморезы: 500гр,fuzzy,1,1189,"Саморезы клопы 3,5*9,5 п/ц острые ЦИНК (2000 шт) 2,07 кг."
кольца 20е 3шт,exact,1,88,Протекторное кольцо - D 020мм
кольца 20мм: 15шт,exact,1,88,Протекторное кольцо - D 020мм
кольца 30-3 шт,exact,1,90,Протекторное кольцо - D 030мм
кольца 40мм 15шт,exact,1,92,Протекторное кольцо - D 040мм
кольца 90,kb_group,63,"149, 87, 88, 89, 90, 91, 92, 147, 93, 94, 95, 96, 97, 98, 99, 100, 101, 102, 103, 104, 105, 106, 107, 108, 148, 109, 110, 111, 112, 113, 114, 115, 116, 117, 118, 119, 120, 121, 122, 123, 124, 125, 126, 127, 128, 129, 130, 131, 132, 133, 134, 135, 136, 137, 138, 139, 140, 141, 142, 143, 144, 145, 146","Протекторное кольцо - D 004,5мм | Протекторное кольцо - D 010мм | Протекторное кольцо - D 020мм | Протекторное кольцо - D 025мм | Протекторное кольцо - D 030мм | ...+58"
кольца 90мм: 30шт,exact,1,101,Протекторное кольцо - D 090мм
кольца 95мм: 30шт,exact,1,102,Протекторное кольцо - D 095мм
кольца к ним,exact,1,101,Протекторное кольцо - D 090мм
кольцо (10) 4шт,exact,1,87,Протекторное кольцо - D 010мм
кольцо 35,kb_group,63,"149, 87, 88, 89, 90, 91, 92, 147, 93, 94, 95, 96, 97, 98, 99, 100, 101, 102, 103, 104, 105, 106, 107, 108, 148, 109, 110, 111, 112, 113, 114, 115, 116, 117, 118, 119, 120, 121, 122, 123, 124, 125, 126, 127, 128, 129, 130, 131, 132, 133, 134, 135, 136, 137, 138, 139, 140, 141, 142, 143, 144, 145, 146","Протекторное кольцо - D 004,5мм | Протекторное кольцо - D 010мм | Протекторное кольцо - D 020мм | Протекторное кольцо - D 025мм | Протекторное кольцо - D 030мм | ...+58"
кольцо 40,kb_group,63,"149, 87, 88, 89, 90, 91, 92, 147, 93, 94, 95, 96, 97, 98, 99, 100, 101, 102, 103, 104, 105, 106, 107, 108, 148, 109, 110, 111, 112, 113, 114, 115, 116, 117, 118, 119, 120, 121, 122, 123, 124, 125, 126, 127, 128, 129, 130, 131, 132, 133, 134, 135, 136, 137, 138, 139, 140, 141, 142, 143, 144, 145, 146","Протекторное кольцо - D 004,5мм | Протекторное кольцо - D 010мм | Протекторное кольцо - D 020мм | Протекторное кольцо - D 025мм | Протекторное кольцо - D 030мм | ...+58"
кольцо 85,kb_group,63,"149, 87, 88, 89, 90, 91, 92, 147, 93, 94, 95, 96, 97, 98, 99, 100, 101, 102, 103, 104, 105, 106, 107, 108, 148, 109, 110, 111, 112, 113, 114, 115, 116, 117, 118, 119, 120, 121, 122, 123, 124, 125, 126, 127, 128, 129, 130, 131, 132, 133, 134, 135, 136, 137, 138, 139, 140, 141, 142, 143, 144, 145, 146","Протекторное кольцо - D 004,5мм | Протекторное кольцо - D 010мм | Протекторное кольцо - D 020мм | Протекторное кольцо - D 025мм | Протекторное кольцо - D 030мм | ...+58"
кольцо 90,kb_group,63,"149, 87, 88, 89, 90, 91, 92, 147, 93, 94, 95, 96, 97, 98, 99, 100, 101, 102, 103, 104, 105, 106, 107, 108, 148, 109, 110, 111, 112, 113, 114, 115, 116, 117, 118, 119, 120, 121, 122, 123, 124, 125, 126, 127, 128, 129, 130, 131, 132, 133, 134, 135, 136, 137, 138, 139, 140, 141, 142, 143, 144, 145, 146","Протекторное кольцо - D 004,5мм | Протекторное кольцо - D 010мм | Протекторное кольцо - D 020мм | Протекторное кольцо - D 025мм | Протекторное кольцо - D 030мм | ...+58"
кольцо под gx 8,exact,1,101,Протекторное кольцо - D 090мм
кольцо под люстру 2,exact,1,147,Протекторное кольцо - D 045мм
комплект крючков,kb_group,21,"1250, 1251, 1252, 1261, 1262, 1253, 1254, 1263, 1264, 1256, 1257, 1246, 1247, 1259, 1260, 889, 890, 862, 863, 1258, 1266",FLEXY Крючки BEGUNKI 01 (100 шт) - Белые | FLEXY Крючки BEGUNKI 01 (100 шт) - Черные | FLEXY Крючки GLIDER 01 (100 шт) - Белые | FLEXY Крючки NANO 01 (100 шт) - Белые | FLEXY Крючки NANO 01 (100 шт) - Черные | ...+16
консолей,kb_group,9,"1162, 1163, 1164, 1165, 1166, 1167, 1168, 1169, 1170",Кронштейн (уголок металлический) 075х100 белый (3/4) 288 шт/ | Кронштейн (уголок металлический) 100х125 белый (4/5) 288 шт/ | Кронштейн (уголок металлический) 125х150 белый (5/6) 288 шт/ | Кронштейн (уголок металлический) 150х200 белый (6/8) 288 шт/ | Кронштейн (уголок металлический) 200х250 белый (8/10) 144 шт | ...+4
консоли,kb_group,9,"1162, 1163, 1164, 1165, 1166, 1167, 1168, 1169, 1170",Кронштейн (уголок металлический) 075х100 белый (3/4) 288 шт/ | Кронштейн (уголок металлический) 100х125 белый (4/5) 288 шт/ | Кронштейн (уголок металлический) 125х150 белый (5/6) 288 шт/ | Кронштейн (уголок металлический) 150х200 белый (6/8) 288 шт/ | Кронштейн (уголок металлический) 200х250 белый (8/10) 144 шт | ...+4
консоли 125*150,kb_group,9,"1162, 1163, 1164, 1165, 1166, 1167, 1168, 1169, 1170",Кронштейн (уголок металлический) 075х100 белый (3/4) 288 шт/ | Кронштейн (уголок металлический) 100х125 белый (4/5) 288 шт/ | Кронштейн (уголок металлический) 125х150 белый (5/6) 288 шт/ | Кронштейн (уголок металлический) 150х200 белый (6/8) 288 шт/ | Кронштейн (уголок металлический) 200х250 белый (8/10) 144 шт | ...+4
консоли 125/150,kb_group,9,"1162, 1163, 1164, 1165, 1166, 1167, 1168, 1169, 1170",Кронштейн (уголок металлический) 075х100 белый (3/4) 288 шт/ | Кронштейн (уголок металлический) 100х125 белый (4/5) 288 шт/ | Кронштейн (уголок металлический) 125х150 белый (5/6) 288 шт/ | Кронштейн (уголок металлический) 150х200 белый (6/8) 288 шт/ | Кронштейн (уголок металлический) 200х250 белый (8/10) 144 шт | ...+4
консоли 5*6,kb_group,9,"1162, 1163, 1164, 1165, 1166, 1167, 1168, 1169, 1170",Кронштейн (уголок металлический) 075х100 белый (3/4) 288 шт/ | Кронштейн (уголок металлический) 100х125 белый (4/5) 288 шт/ | Кронштейн (уголок металлический) 125х150 белый (5/6) 288 шт/ | Кронштейн (уголок металлический) 150х200 белый (6/8) 288 шт/ | Кронштейн (уголок металлический) 200х250 белый (8/10) 144 шт | ...+4
консоль уголок 75/100,kb_group,9,"1162, 1163, 1164, 1165, 1166, 1167, 1168, 1169, 1170",Кронштейн (уголок металлический) 075х100 белый (3/4) 288 шт/ | Кронштейн (уголок металлический) 100х125 белый (4/5) 288 шт/ | Кронштейн (уголок металлический) 125х150 белый (5/6) 288 шт/ | Кронштейн (уголок металлический) 150х200 белый (6/8) 288 шт/ | Кронштейн (уголок металлический) 200х250 белый (8/10) 144 шт | ...+4
контроллеры 3шт,exact,1,1469,"Контроллер Dumlight Ampe CNT-1-8-DIM, 8A-5-36vDC (для одноцв"
контур белый 1шт,exact,1,1282,Краска по стеклу и керамике DECOLA 18мл белая
конус,kb_group,4,"259, 258, 257, 256",Заглушка трубы D16 Белый конус | Заглушка трубы D22 Белый конус | Заглушка трубы D27 Белый конус | Заглушка трубы D32 Белый конус
конус 27,kb_group,4,"259, 258, 257, 256",Заглушка трубы D16 Белый конус | Заглушка трубы D22 Белый конус | Заглушка трубы D27 Белый конус | Заглушка трубы D32 Белый конус
конус 32,kb_group,4,"259, 258, 257, 256",Заглушка трубы D16 Белый конус | Заглушка трубы D22 Белый конус | Заглушка трубы D27 Белый конус | Заглушка трубы D32 Белый конус
конус декоративный 25мм 1шт,exact,1,257,Заглушка трубы D27 Белый конус
конус декоративный 32мм 1шт,exact,1,256,Заглушка трубы D32 Белый конус
конусы,kb_group,4,"259, 258, 257, 256",Заглушка трубы D16 Белый конус | Заглушка трубы D22 Белый конус | Заглушка трубы D27 Белый конус | Заглушка трубы D32 Белый конус
конусы 32,kb_group,4,"259, 258, 257, 256",Заглушка трубы D16 Белый конус | Заглушка трубы D22 Белый конус | Заглушка трубы D27 Белый конус | Заглушка трубы D32 Белый конус
коронки лотос 2шт,exact,1,1220,Алмазная коронка Lotus Super Hard
крааб бокс - 1 палка,exact,1,760,Профиль EUROKRAAB BOX Теневой усиленный потолочный профиль
крокс -2 шт,exact,1,1231,"Клей Kroxx/Крокс ""301"" - 20гр."
крокс 2 тюбика,exact,1,1231,"Клей Kroxx/Крокс ""301"" - 20гр."
кронштейны 150мм: 40шт,exact,1,1164,Кронштейн (уголок металлический) 125х150 белый (5/6) 288 шт/
крючки,kb_group,21,"1250, 1251, 1252, 1261, 1262, 1253, 1254, 1263, 1264, 1256, 1257, 1246, 1247, 1259, 1260, 889, 890, 862, 863, 1258, 1266",FLEXY Крючки BEGUNKI 01 (100 шт) - Белые | FLEXY Крючки BEGUNKI 01 (100 шт) - Черные | FLEXY Крючки GLIDER 01 (100 шт) - Белые | FLEXY Крючки NANO 01 (100 шт) - Белые | FLEXY Крючки NANO 01 (100 шт) - Черные | ...+16
крючки 1уп,exact,1,1266,ПК/ПФ крючки для гардины + стопор в комплекте
крючки 2 пачки к гардине,exact,1,1261,FLEXY Крючки NANO 01 (100 шт) - Белые
крючки в пк,kb_group,2,"1259, 1266",U-line Крючки с бегунком (100шт) - Белые | ПК/ПФ крючки для гардины + стопор в комплекте
крючки в пк14,kb_group,2,"1259, 1266",U-line Крючки с бегунком (100шт) - Белые | ПК/ПФ крючки для гардины + стопор в комплекте
крючки для p50,kb_group,21,"1250, 1251, 1252, 1261, 1262, 1253, 1254, 1263, 1264, 1256, 1257, 1246, 1247, 1259, 1260, 889, 890, 862, 863, 1258, 1266",FLEXY Крючки BEGUNKI 01 (100 шт) - Белые | FLEXY Крючки BEGUNKI 01 (100 шт) - Черные | FLEXY Крючки GLIDER 01 (100 шт) - Белые | FLEXY Крючки NANO 01 (100 шт) - Белые | FLEXY Крючки NANO 01 (100 шт) - Черные | ...+16
крючки для пк,kb_group,2,"1259, 1266",U-line Крючки с бегунком (100шт) - Белые | ПК/ПФ крючки для гардины + стопор в комплекте
крючки для пк14,kb_group,2,"1259, 1266",U-line Крючки с бегунком (100шт) - Белые | ПК/ПФ крючки для гардины + стопор в комплекте
крючки пк,kb_group,2,"1259, 1266",U-line Крючки с бегунком (100шт) - Белые | ПК/ПФ крючки для гардины + стопор в комплекте
крючков,kb_group,21,"1250, 1251, 1252, 1261, 1262, 1253, 1254, 1263, 1264, 1256, 1257, 1246, 1247, 1259, 1260, 889, 890, 862, 863, 1258, 1266",FLEXY Крючки BEGUNKI 01 (100 шт) - Белые | FLEXY Крючки BEGUNKI 01 (100 шт) - Черные | FLEXY Крючки GLIDER 01 (100 шт) - Белые | FLEXY Крючки NANO 01 (100 шт) - Белые | FLEXY Крючки NANO 01 (100 шт) - Черные | ...+16
крючок,kb_group,21,"1250, 1251, 1252, 1261, 1262, 1253, 1254, 1263, 1264, 1256, 1257, 1246, 1247, 1259, 1260, 889, 890, 862, 863, 1258, 1266",FLEXY Крючки BEGUNKI 01 (100 шт) - Белые | FLEXY Крючки BEGUNKI 01 (100 шт) - Черные | FLEXY Крючки GLIDER 01 (100 шт) - Белые | FLEXY Крючки NANO 01 (100 шт) - Белые | FLEXY Крючки NANO 01 (100 шт) - Черные | ...+16
лампа 4000к,kb_group,21,"1389, 1392, 1393, 1391, 1390, 1394, 1395, 1396, 1385, 1378, 1384, 1381, 1379, 1387, 1388, 1380, 1382, 1383, 1375, 1377, 1376","Лампа MR16 10W GU 10 4000K (9,5W) | Лампа MR16 10W GU 5.3 4000K (9,5W) | Лампа MR16 7W G 5.3 2700K | Лампа MR16 7W GU 10 2700K | Лампа MR16 7W GU 10 4000K | ...+16"
лампа 8в 3000к,kb_group,21,"1389, 1392, 1393, 1391, 1390, 1394, 1395, 1396, 1385, 1378, 1384, 1381, 1379, 1387, 1388, 1380, 1382, 1383, 1375, 1377, 1376","Лампа MR16 10W GU 10 4000K (9,5W) | Лампа MR16 10W GU 5.3 4000K (9,5W) | Лампа MR16 7W G 5.3 2700K | Лампа MR16 7W GU 10 2700K | Лампа MR16 7W GU 10 4000K | ...+16"
лампа 8в 4000к,kb_group,21,"1389, 1392, 1393, 1391, 1390, 1394, 1395, 1396, 1385, 1378, 1384, 1381, 1379, 1387, 1388, 1380, 1382, 1383, 1375, 1377, 1376","Лампа MR16 10W GU 10 4000K (9,5W) | Лампа MR16 10W GU 5.3 4000K (9,5W) | Лампа MR16 7W G 5.3 2700K | Лампа MR16 7W GU 10 2700K | Лампа MR16 7W GU 10 4000K | ...+16"
лампа 8в 6000к,kb_group,21,"1389, 1392, 1393, 1391, 1390, 1394, 1395, 1396, 1385, 1378, 1384, 1381, 1379, 1387, 1388, 1380, 1382, 1383, 1375, 1377, 1376","Лампа MR16 10W GU 10 4000K (9,5W) | Лампа MR16 10W GU 5.3 4000K (9,5W) | Лампа MR16 7W G 5.3 2700K | Лампа MR16 7W GU 10 2700K | Лампа MR16 7W GU 10 4000K | ...+16"
лампа к ним 10 ват 4к 8 шт и кольца к ним,exact,2,"1378, 101",Лампа светодиодная GX53 10W 4000K | Протекторное кольцо - D 090мм
лампа нейтральная 8,exact,1,1382,Лампа светодиодная GX53 8W 4000К
лампочки к ним 4000к 9ватт,exact,1,1382,Лампа светодиодная GX53 8W 4000К
лампы,kb_group,21,"1389, 1392, 1393, 1391, 1390, 1394, 1395, 1396, 1385, 1378, 1384, 1381, 1379, 1387, 1388, 1380, 1382, 1383, 1375, 1377, 1376","Лампа MR16 10W GU 10 4000K (9,5W) | Лампа MR16 10W GU 5.3 4000K (9,5W) | Лампа MR16 7W G 5.3 2700K | Лампа MR16 7W GU 10 2700K | Лампа MR16 7W GU 10 4000K | ...+16"
лента,kb_group,39,"1411, 1407, 1412, 1409, 1414, 1408, 1427, 1421, 1423, 1422, 1420, 1426, 1428, 1430, 1425, 1451, 1449, 1446, 1447, 1450, 1444, 1445, 1401, 1402, 1404, 1403, 1405, 1398, 1397, 1399, 1400, 1443, 1437, 1433, 1432, 1434, 1441, 1440, 1438","Eleganz LUX 12V Светодиодная лента 2835 120 LED 9,6W 3000К т | Eleganz LUX 12V Светодиодная лента 2835 120 LED 9,6W 4500К н | Eleganz LUX 12V Светодиодная лента 2835 120 LED 9,6W 6000К х | Eleganz LUX 12V Светодиодная лента 5050 60 LED 14,4W 3000К т | Eleganz LUX 12V Светодиодная лента 5050 60 LED 14,4W 4500К н | ...+34"
лента 3000к,kb_group,39,"1411, 1407, 1412, 1409, 1414, 1408, 1427, 1421, 1423, 1422, 1420, 1426, 1428, 1430, 1425, 1451, 1449, 1446, 1447, 1450, 1444, 1445, 1401, 1402, 1404, 1403, 1405, 1398, 1397, 1399, 1400, 1443, 1437, 1433, 1432, 1434, 1441, 1440, 1438","Eleganz LUX 12V Светодиодная лента 2835 120 LED 9,6W 3000К т | Eleganz LUX 12V Светодиодная лента 2835 120 LED 9,6W 4500К н | Eleganz LUX 12V Светодиодная лента 2835 120 LED 9,6W 6000К х | Eleganz LUX 12V Светодиодная лента 5050 60 LED 14,4W 3000К т | Eleganz LUX 12V Светодиодная лента 5050 60 LED 14,4W 4500К н | ...+34"
"лента 9,6 10м холодная",exact,1,1423,"Eleganz LUX 24V Светодиодная лента 2835 120 LED 9,6W 6000К х"
лента uni 4000k 10 м.п,exact,1,1403,"Лента светодиодная Elite DLT2835-140t-24v-UNI-3,3-19,8w-10mm"
ленту,kb_group,39,"1411, 1407, 1412, 1409, 1414, 1408, 1427, 1421, 1423, 1422, 1420, 1426, 1428, 1430, 1425, 1451, 1449, 1446, 1447, 1450, 1444, 1445, 1401, 1402, 1404, 1403, 1405, 1398, 1397, 1399, 1400, 1443, 1437, 1433, 1432, 1434, 1441, 1440, 1438","Eleganz LUX 12V Светодиодная лента 2835 120 LED 9,6W 3000К т | Eleganz LUX 12V Светодиодная лента 2835 120 LED 9,6W 4500К н | Eleganz LUX 12V Светодиодная лента 2835 120 LED 9,6W 6000К х | Eleganz LUX 12V Светодиодная лента 5050 60 LED 14,4W 3000К т | Eleganz LUX 12V Светодиодная лента 5050 60 LED 14,4W 4500К н | ...+34"
ленты,kb_group,39,"1411, 1407, 1412, 1409, 1414, 1408, 1427, 1421, 1423, 1422, 1420, 1426, 1428, 1430, 1425, 1451, 1449, 1446, 1447, 1450, 1444, 1445, 1401, 1402, 1404, 1403, 1405, 1398, 1397, 1399, 1400, 1443, 1437, 1433, 1432, 1434, 1441, 1440, 1438","Eleganz LUX 12V Светодиодная лента 2835 120 LED 9,6W 3000К т | Eleganz LUX 12V Светодиодная лента 2835 120 LED 9,6W 4500К н | Eleganz LUX 12V Светодиодная лента 2835 120 LED 9,6W 6000К х | Eleganz LUX 12V Светодиодная лента 5050 60 LED 14,4W 3000К т | Eleganz LUX 12V Светодиодная лента 5050 60 LED 14,4W 4500К н | ...+34"
ленты 6в 3000к,kb_group,39,"1411, 1407, 1412, 1409, 1414, 1408, 1427, 1421, 1423, 1422, 1420, 1426, 1428, 1430, 1425, 1451, 1449, 1446, 1447, 1450, 1444, 1445, 1401, 1402, 1404, 1403, 1405, 1398, 1397, 1399, 1400, 1443, 1437, 1433, 1432, 1434, 1441, 1440, 1438","Eleganz LUX 12V Светодиодная лента 2835 120 LED 9,6W 3000К т | Eleganz LUX 12V Светодиодная лента 2835 120 LED 9,6W 4500К н | Eleganz LUX 12V Светодиодная лента 2835 120 LED 9,6W 6000К х | Eleganz LUX 12V Светодиодная лента 5050 60 LED 14,4W 3000К т | Eleganz LUX 12V Светодиодная лента 5050 60 LED 14,4W 4500К н | ...+34"
люк 30*40,kb_group,155,"682, 683, 684, 685, 686, 687, 688, 689, 690, 691, 692, 693, 694, 695, 696, 697, 698, 552, 553, 554, 555, 544, 545, 546, 547, 548, 549, 550, 551, 563, 564, 565, 566, 567, 568, 569, 570, 571, 572, 573, 574, 575, 576, 556, 557, 558, 559, 560, 561, 562, 583, 584, 585, 586, 587, 588, 589, 590, 591, 592, 593, 594, 595, 596, 577, 578, 579, 580, 581, 582, 602, 603, 604, 605, 606, 607, 608, 609, 610, 611, 612, 613, 614, 615, 597, 598, 599, 600, 601, 620, 621, 622, 623, 624, 625, 626, 627, 628, 629, 630, 631, 632, 633, 616, 617, 618, 619, 637, 638, 639, 640, 641, 642, 643, 644, 645, 646, 647, 648, 649, 650, 634, 635, 636, 653, 654, 655, 656, 657, 658, 659, 660, 661, 662, 663, 664, 665, 666, 651, 652, 668, 669, 670, 671, 672, 673, 674, 675, 676, 677, 678, 679, 680, 681, 667",Люк ревизионный из БП25 100х100 | Люк ревизионный из БП25 100х110 | Люк ревизионный из БП25 100х120 | Люк ревизионный из БП25 100х130 | Люк ревизионный из БП25 100х140 | ...+150
люк 30х60,kb_group,155,"682, 683, 684, 685, 686, 687, 688, 689, 690, 691, 692, 693, 694, 695, 696, 697, 698, 552, 553, 554, 555, 544, 545, 546, 547, 548, 549, 550, 551, 563, 564, 565, 566, 567, 568, 569, 570, 571, 572, 573, 574, 575, 576, 556, 557, 558, 559, 560, 561, 562, 583, 584, 585, 586, 587, 588, 589, 590, 591, 592, 593, 594, 595, 596, 577, 578, 579, 580, 581, 582, 602, 603, 604, 605, 606, 607, 608, 609, 610, 611, 612, 613, 614, 615, 597, 598, 599, 600, 601, 620, 621, 622, 623, 624, 625, 626, 627, 628, 629, 630, 631, 632, 633, 616, 617, 618, 619, 637, 638, 639, 640, 641, 642, 643, 644, 645, 646, 647, 648, 649, 650, 634, 635, 636, 653, 654, 655, 656, 657, 658, 659, 660, 661, 662, 663, 664, 665, 666, 651, 652, 668, 669, 670, 671, 672, 673, 674, 675, 676, 677, 678, 679, 680, 681, 667",Люк ревизионный из БП25 100х100 | Люк ревизионный из БП25 100х110 | Люк ревизионный из БП25 100х120 | Люк ревизионный из БП25 100х130 | Люк ревизионный из БП25 100х140 | ...+150
люк 40*40,kb_group,155,"682, 683, 684, 685, 686, 687, 688, 689, 690, 691, 692, 693, 694, 695, 696, 697, 698, 552, 553, 554, 555, 544, 545, 546, 547, 548, 549, 550, 551, 563, 564, 565, 566, 567, 568, 569, 570, 571, 572, 573, 574, 575, 576, 556, 557, 558, 559, 560, 561, 562, 583, 584, 585, 586, 587, 588, 589, 590, 591, 592, 593, 594, 595, 596, 577, 578, 579, 580, 581, 582, 602, 603, 604, 605, 606, 607, 608, 609, 610, 611, 612, 613, 614, 615, 597, 598, 599, 600, 601, 620, 621, 622, 623, 624, 625, 626, 627, 628, 629, 630, 631, 632, 633, 616, 617, 618, 619, 637, 638, 639, 640, 641, 642, 643, 644, 645, 646, 647, 648, 649, 650, 634, 635, 636, 653, 654, 655, 656, 657, 658, 659, 660, 661, 662, 663, 664, 665, 666, 651, 652, 668, 669, 670, 671, 672, 673, 674, 675, 676, 677, 678, 679, 680, 681, 667",Люк ревизионный из БП25 100х100 | Люк ревизионный из БП25 100х110 | Люк ревизионный из БП25 100х120 | Люк ревизионный из БП25 100х130 | Люк ревизионный из БП25 100х140 | ...+150
люк 40/40,kb_group,155,"682, 683, 684, 685, 686, 687, 688, 689, 690, 691, 692, 693, 694, 695, 696, 697, 698, 552, 553, 554, 555, 544, 545, 546, 547, 548, 549, 550, 551, 563, 564, 565, 566, 567, 568, 569, 570, 571, 572, 573, 574, 575, 576, 556, 557, 558, 559, 560, 561, 562, 583, 584, 585, 586, 587, 588, 589, 590, 591, 592, 593, 594, 595, 596, 577, 578, 579, 580, 581, 582, 602, 603, 604, 605, 606, 607, 608, 609, 610, 611, 612, 613, 614, 615, 597, 598, 599, 600, 601, 620, 621, 622, 623, 624, 625, 626, 627, 628, 629, 630, 631, 632, 633, 616, 617, 618, 619, 637, 638, 639, 640, 641, 642, 643, 644, 645, 646, 647, 648, 649, 650, 634, 635, 636, 653, 654, 655, 656, 657, 658, 659, 660, 661, 662, 663, 664, 665, 666, 651, 652, 668, 669, 670, 671, 672, 673, 674, 675, 676, 677, 678, 679, 680, 681, 667",Люк ревизионный из БП25 100х100 | Люк ревизионный из БП25 100х110 | Люк ревизионный из БП25 100х120 | Люк ревизионный из БП25 100х130 | Люк ревизионный из БП25 100х140 | ...+150
люк 40х40,kb_group,155,"682, 683, 684, 685, 686, 687, 688, 689, 690, 691, 692, 693, 694, 695, 696, 697, 698, 552, 553, 554, 555, 544, 545, 546, 547, 548, 549, 550, 551, 563, 564, 565, 566, 567, 568, 569, 570, 571, 572, 573, 574, 575, 576, 556, 557, 558, 559, 560, 561, 562, 583, 584, 585, 586, 587, 588, 589, 590, 591, 592, 593, 594, 595, 596, 577, 578, 579, 580, 581, 582, 602, 603, 604, 605, 606, 607, 608, 609, 610, 611, 612, 613, 614, 615, 597, 598, 599, 600, 601, 620, 621, 622, 623, 624, 625, 626, 627, 628, 629, 630, 631, 632, 633, 616, 617, 618, 619, 637, 638, 639, 640, 641, 642, 643, 644, 645, 646, 647, 648, 649, 650, 634, 635, 636, 653, 654, 655, 656, 657, 658, 659, 660, 661, 662, 663, 664, 665, 666, 651, 652, 668, 669, 670, 671, 672, 673, 674, 675, 676, 677, 678, 679, 680, 681, 667",Люк ревизионный из БП25 100х100 | Люк ревизионный из БП25 100х110 | Люк ревизионный из БП25 100х120 | Люк ревизионный из БП25 100х130 | Люк ревизионный из БП25 100х140 | ...+150
люстра,kb_group,3,"74, 225, 75",Платформа КРУГ под люстру 200 мм. - 220 шт/меш | Платформа из фанеры 12мм под люстру квадрат 280*280мм с выре | Платформа усиленная ТИСА под люстру 200мм
люстра 2,fuzzy,1,74,Платформа КРУГ под люстру 200 мм. - 220 шт/меш
люстра фанера,kb_group,1,225,Платформа из фанеры 12мм под люстру квадрат 280*280мм с выре
люстра фанера 8шт,exact,1,225,Платформа из фанеры 12мм под люстру квадрат 280*280мм с выре
люстровые закладные 2 шт из фанеры,exact,1,225,Платформа из фанеры 12мм под люстру квадрат 280*280мм с выре
люстры,kb_group,3,"74, 225, 75",Платформа КРУГ под люстру 200 мм. - 220 шт/меш | Платформа из фанеры 12мм под люстру квадрат 280*280мм с выре | Платформа усиленная ТИСА под люстру 200мм
мат 303 премиум,kb_group,1,21,МАТ MSD PREMIUM
мат бауф 205,kb_group,1,7,МАТ BAUF 205
мат белый премиум,kb_group,1,21,МАТ MSD PREMIUM
мат классик,kb_group,1,16,МАТ MSD CLASSIC
мат классик 145/131,kb_group,1,16,МАТ MSD CLASSIC
мат классик 2.7/3.56,kb_group,1,16,МАТ MSD CLASSIC
мат премиум,kb_group,1,21,МАТ MSD PREMIUM
матовый пвх,kb_group,6,"7, 12, 14, 16, 18, 21",МАТ BAUF 205 | МАТ BAUF 230 | МАТ BAUF 270 | МАТ MSD CLASSIC | МАТ MSD EVOLUTION | ...+1
мебельный уголок 12 – 15 см,kb_group,1,1164,Кронштейн (уголок металлический) 125х150 белый (5/6) 288 шт/
обвод 22,kb_group,14,"259, 258, 257, 256, 238, 239, 240, 247, 244, 245, 243, 246, 242, 241",Заглушка трубы D16 Белый конус | Заглушка трубы D22 Белый конус | Заглушка трубы D27 Белый конус | Заглушка трубы D32 Белый конус | Обвод трубы пластина D105 белый | ...+9
обвод 25мм 3шт,exact,1,243,Обвод трубы пластина D27 L210 толщ. 2.5мм белый
обвод 27,kb_group,14,"259, 258, 257, 256, 238, 239, 240, 247, 244, 245, 243, 246, 242, 241",Заглушка трубы D16 Белый конус | Заглушка трубы D22 Белый конус | Заглушка трубы D27 Белый конус | Заглушка трубы D32 Белый конус | Обвод трубы пластина D105 белый | ...+9
обвод 32,kb_group,14,"259, 258, 257, 256, 238, 239, 240, 247, 244, 245, 243, 246, 242, 241",Заглушка трубы D16 Белый конус | Заглушка трубы D22 Белый конус | Заглушка трубы D27 Белый конус | Заглушка трубы D32 Белый конус | Обвод трубы пластина D105 белый | ...+9
обвод 32 1шт,exact,1,242,Обвод трубы пластина D32 L210 толщ. 2.5мм белый
обвод труб 27,kb_group,14,"259, 258, 257, 256, 238, 239, 240, 247, 244, 245, 243, 246, 242, 241",Заглушка трубы D16 Белый конус | Заглушка трубы D22 Белый конус | Заглушка трубы D27 Белый конус | Заглушка трубы D32 Белый конус | Обвод трубы пластина D105 белый | ...+9
обвод трубы 22,kb_group,14,"259, 258, 257, 256, 238, 239, 240, 247, 244, 245, 243, 246, 242, 241",Заглушка трубы D16 Белый конус | Заглушка трубы D22 Белый конус | Заглушка трубы D27 Белый конус | Заглушка трубы D32 Белый конус | Обвод трубы пластина D105 белый | ...+9
обвод трубы 27,kb_group,14,"259, 258, 257, 256, 238, 239, 240, 247, 244, 245, 243, 246, 242, 241",Заглушка трубы D16 Белый конус | Заглушка трубы D22 Белый конус | Заглушка трубы D27 Белый конус | Заглушка трубы D32 Белый конус | Обвод трубы пластина D105 белый | ...+9
обвод трубы 32,kb_group,14,"259, 258, 257, 256, 238, 239, 240, 247, 244, 245, 243, 246, 242, 241",Заглушка трубы D16 Белый конус | Заглушка трубы D22 Белый конус | Заглушка трубы D27 Белый конус | Заглушка трубы D32 Белый конус | Обвод трубы пластина D105 белый | ...+9
обвод трубы 45/55,kb_group,14,"259, 258, 257, 256, 238, 239, 240, 247, 244, 245, 243, 246, 242, 241",Заглушка трубы D16 Белый конус | Заглушка трубы D22 Белый конус | Заглушка трубы D27 Белый конус | Заглушка трубы D32 Белый конус | Обвод трубы пластина D105 белый | ...+9
обвод трубы есть 45?,exact,1,241,Обвод трубы пластина D45/D55 белый
обвод трубы косточка 22мм,kb_group,10,"238, 239, 240, 247, 244, 245, 243, 246, 242, 241",Обвод трубы пластина D105 белый | Обвод трубы пластина D115 белый | Обвод трубы пластина D125 белый | Обвод трубы пластина D22 L210 толщ. 1мм белый | Обвод трубы пластина D22 L210 толщ. 2.5мм белый | ...+5
обвод трубы косточка 27мм,kb_group,10,"238, 239, 240, 247, 244, 245, 243, 246, 242, 241",Обвод трубы пластина D105 белый | Обвод трубы пластина D115 белый | Обвод трубы пластина D125 белый | Обвод трубы пластина D22 L210 толщ. 1мм белый | Обвод трубы пластина D22 L210 толщ. 2.5мм белый | ...+5
обвод трубы косточка 32мм,kb_group,10,"238, 239, 240, 247, 244, 245, 243, 246, 242, 241",Обвод трубы пластина D105 белый | Обвод трубы пластина D115 белый | Обвод трубы пластина D125 белый | Обвод трубы пластина D22 L210 толщ. 1мм белый | Обвод трубы пластина D22 L210 толщ. 2.5мм белый | ...+5
обводы 27,kb_group,14,"259, 258, 257, 256, 238, 239, 240, 247, 244, 245, 243, 246, 242, 241",Заглушка трубы D16 Белый конус | Заглушка трубы D22 Белый конус | Заглушка трубы D27 Белый конус | Заглушка трубы D32 Белый конус | Обвод трубы пластина D105 белый | ...+9
обводы 32,kb_group,14,"259, 258, 257, 256, 238, 239, 240, 247, 244, 245, 243, 246, 242, 241",Заглушка трубы D16 Белый конус | Заглушка трубы D22 Белый конус | Заглушка трубы D27 Белый конус | Заглушка трубы D32 Белый конус | Обвод трубы пластина D105 белый | ...+9
оконг,kb_group,1,1232,Клей Okong C-501 20г \Оконг - 20гр.
оконг клей,kb_group,1,1232,Клей Okong C-501 20г \Оконг - 20гр.
парящий флекси бел 02 - 30м,fuzzy,1,798,FLEXY FLY 02 ПФ 8406 Профиль АЛ стеновой парящий белый 2.0м 
пвх,kb_group,6,"7, 12, 14, 16, 18, 21",МАТ BAUF 205 | МАТ BAUF 230 | МАТ BAUF 270 | МАТ MSD CLASSIC | МАТ MSD EVOLUTION | ...+1
пвх профиль,kb_group,1,711,Профиль ПВХ стеновой гарпунный перфорированный 2.0м
пвх профиль по 2 метра,kb_group,1,711,Профиль ПВХ стеновой гарпунный перфорированный 2.0м
пвх профиля по 2 метра,kb_group,1,711,Профиль ПВХ стеновой гарпунный перфорированный 2.0м
перо - 2шт,exact,1,1215,"Перо/Сверло по кафелю черное ""ST""- 6мм"
перо по плитке 6-1 шт,exact,1,1216,Сверло RennBohr Delta по кафелю керамограниту и стеклу D6 мм
перчатки нейлон 8 шт,exact,1,1237,Перчатки Нейлон (белые)
перчатки хб,kb_group,1,1238,"Перчатки х/б 4н, 10кл, Белая, пер008"
перчатки хб 12 пар,exact,1,1238,"Перчатки х/б 4н, 10кл, Белая, пер008"
пк 14,kb_group,22,"949, 950, 951, 952, 953, 954, 955, 866, 867, 868, 869, 870, 871, 872, 873, 874, 875, 876, 877, 878, 879, 880","Профиль ПК12 (3-х ряд Гардина) МАТОВЫЙ БЕЛЫЙ АТ-7120 (2,0м)  | Профиль ПК12 (3-х ряд Гардина) МАТОВЫЙ БЕЛЫЙ АТ-7120 (2,5м)  | Профиль ПК12 (3-х ряд Гардина) МАТОВЫЙ БЕЛЫЙ АТ-7120 (3,2м)  | Профиль ПК12 (3-х ряд Гардина) МАТОВЫЙ БЕЛЫЙ АТ-7120 (3,6м)  | Профиль ПК12 (3-х ряд Гардина) МАТОВЫЙ ЧЕРНЫЙ (2,0м) 8м/уп | ...+17"
пк 14 (2м),kb_group,22,"949, 950, 951, 952, 953, 954, 955, 866, 867, 868, 869, 870, 871, 872, 873, 874, 875, 876, 877, 878, 879, 880","Профиль ПК12 (3-х ряд Гардина) МАТОВЫЙ БЕЛЫЙ АТ-7120 (2,0м)  | Профиль ПК12 (3-х ряд Гардина) МАТОВЫЙ БЕЛЫЙ АТ-7120 (2,5м)  | Профиль ПК12 (3-х ряд Гардина) МАТОВЫЙ БЕЛЫЙ АТ-7120 (3,2м)  | Профиль ПК12 (3-х ряд Гардина) МАТОВЫЙ БЕЛЫЙ АТ-7120 (3,6м)  | Профиль ПК12 (3-х ряд Гардина) МАТОВЫЙ ЧЕРНЫЙ (2,0м) 8м/уп | ...+17"
"пк 14 (3,2м)",kb_group,22,"949, 950, 951, 952, 953, 954, 955, 866, 867, 868, 869, 870, 871, 872, 873, 874, 875, 876, 877, 878, 879, 880","Профиль ПК12 (3-х ряд Гардина) МАТОВЫЙ БЕЛЫЙ АТ-7120 (2,0м)  | Профиль ПК12 (3-х ряд Гардина) МАТОВЫЙ БЕЛЫЙ АТ-7120 (2,5м)  | Профиль ПК12 (3-х ряд Гардина) МАТОВЫЙ БЕЛЫЙ АТ-7120 (3,2м)  | Профиль ПК12 (3-х ряд Гардина) МАТОВЫЙ БЕЛЫЙ АТ-7120 (3,6м)  | Профиль ПК12 (3-х ряд Гардина) МАТОВЫЙ ЧЕРНЫЙ (2,0м) 8м/уп | ...+17"
пк 14 2м,kb_group,22,"949, 950, 951, 952, 953, 954, 955, 866, 867, 868, 869, 870, 871, 872, 873, 874, 875, 876, 877, 878, 879, 880","Профиль ПК12 (3-х ряд Гардина) МАТОВЫЙ БЕЛЫЙ АТ-7120 (2,0м)  | Профиль ПК12 (3-х ряд Гардина) МАТОВЫЙ БЕЛЫЙ АТ-7120 (2,5м)  | Профиль ПК12 (3-х ряд Гардина) МАТОВЫЙ БЕЛЫЙ АТ-7120 (3,2м)  | Профиль ПК12 (3-х ряд Гардина) МАТОВЫЙ БЕЛЫЙ АТ-7120 (3,6м)  | Профиль ПК12 (3-х ряд Гардина) МАТОВЫЙ ЧЕРНЫЙ (2,0м) 8м/уп | ...+17"
"пк 14 белую 3,2-3 палки",fuzzy,1,869,"Профиль ПК14 МАТОВЫЙ БЕЛЫЙ (3,2м) 12,8м/у (НОВАЯ ПАРТИЯ, ДРУ"
пк-14 2м 3шт,fuzzy,1,871,"Профиль ПК14 МАТОВЫЙ ЧЕРНЫЙ (2,0м) 8м/у"
пк14,kb_group,22,"949, 950, 951, 952, 953, 954, 955, 866, 867, 868, 869, 870, 871, 872, 873, 874, 875, 876, 877, 878, 879, 880","Профиль ПК12 (3-х ряд Гардина) МАТОВЫЙ БЕЛЫЙ АТ-7120 (2,0м)  | Профиль ПК12 (3-х ряд Гардина) МАТОВЫЙ БЕЛЫЙ АТ-7120 (2,5м)  | Профиль ПК12 (3-х ряд Гардина) МАТОВЫЙ БЕЛЫЙ АТ-7120 (3,2м)  | Профиль ПК12 (3-х ряд Гардина) МАТОВЫЙ БЕЛЫЙ АТ-7120 (3,6м)  | Профиль ПК12 (3-х ряд Гардина) МАТОВЫЙ ЧЕРНЫЙ (2,0м) 8м/уп | ...+17"
пк14 бел 2м 9шт,fuzzy,1,871,"Профиль ПК14 МАТОВЫЙ ЧЕРНЫЙ (2,0м) 8м/у"
пластик,kb_group,1,1156,"ПВХ белый 10мм 3050х2030х10 ""PRAGMATIC"""
пластик 10мм 50см/50см,kb_group,1,1156,"ПВХ белый 10мм 3050х2030х10 ""PRAGMATIC"""
пластик 1см 50*50,kb_group,1,1156,"ПВХ белый 10мм 3050х2030х10 ""PRAGMATIC"""
пластик 50*50 3мм,kb_group,1,1156,"ПВХ белый 10мм 3050х2030х10 ""PRAGMATIC"""
пластины,kb_group,1,1156,"ПВХ белый 10мм 3050х2030х10 ""PRAGMATIC"""
платформа 60-110,kb_group,2,"73, 68",Круглая платформа 090мм под светильник | Круглая универсальная платформа 060-110мм под светильник
платформа 90,kb_group,2,"73, 68",Круглая платформа 090мм под светильник | Круглая универсальная платформа 060-110мм под светильник
платформа 90 мм,kb_group,2,"73, 68",Круглая платформа 090мм под светильник | Круглая универсальная платформа 060-110мм под светильник
платформа для люстры,kb_group,3,"74, 225, 75",Платформа КРУГ под люстру 200 мм. - 220 шт/меш | Платформа из фанеры 12мм под люстру квадрат 280*280мм с выре | Платформа усиленная ТИСА под люстру 200мм
платформа из фанеры 120мм по пожарный датчик 5шт,exact,1,223,Платформа из фанеры 12мм под датчик/спот круг D120мм вырез d
платформа из фанеры 200мм под люстру 2шт,exact,1,225,Платформа из фанеры 12мм под люстру квадрат 280*280мм с выре
платформа люстра,kb_group,3,"74, 225, 75",Платформа КРУГ под люстру 200 мм. - 220 шт/меш | Платформа из фанеры 12мм под люстру квадрат 280*280мм с выре | Платформа усиленная ТИСА под люстру 200мм
платформа под люстру,kb_group,3,"74, 225, 75",Платформа КРУГ под люстру 200 мм. - 220 шт/меш | Платформа из фанеры 12мм под люстру квадрат 280*280мм с выре | Платформа усиленная ТИСА под люстру 200мм
платформа под люстру 200мм,kb_group,3,"74, 225, 75",Платформа КРУГ под люстру 200 мм. - 220 шт/меш | Платформа из фанеры 12мм под люстру квадрат 280*280мм с выре | Платформа усиленная ТИСА под люстру 200мм
платформы 90,kb_group,2,"73, 68",Круглая платформа 090мм под светильник | Круглая универсальная платформа 060-110мм под светильник
платформы 90е,kb_group,2,"73, 68",Круглая платформа 090мм под светильник | Круглая универсальная платформа 060-110мм под светильник
платформы под люстру,kb_group,3,"74, 225, 75",Платформа КРУГ под люстру 200 мм. - 220 шт/меш | Платформа из фанеры 12мм под люстру квадрат 280*280мм с выре | Платформа усиленная ТИСА под люстру 200мм
пленка укрывная,kb_group,1,1277,"Укрывная пленка FIXALL 2,7*20м"
пленка укрывочная,kb_group,1,1277,"Укрывная пленка FIXALL 2,7*20м"
"пленки укрывной 2,7х20м",kb_group,1,1277,"Укрывная пленка FIXALL 2,7*20м"
пленку укрывную,kb_group,1,1277,"Укрывная пленка FIXALL 2,7*20м"
площадки к ним,exact,1,73,Круглая платформа 090мм под светильник
площадки под люстру тиса-3 шт,exact,1,75,Платформа усиленная ТИСА под люстру 200мм
под люстру,kb_group,3,"74, 225, 75",Платформа КРУГ под люстру 200 мм. - 220 шт/меш | Платформа из фанеры 12мм под люстру квадрат 280*280мм с выре | Платформа усиленная ТИСА под люстру 200мм
под люстру фанера,kb_group,1,225,Платформа из фанеры 12мм под люстру квадрат 280*280мм с выре
подвес,manual,1,1160,Подвес прямой 0.07 * 300мм
подвес 07,kb_group,1,1160,Подвес прямой 0.07 * 300мм
подвес прямой 0.9мм 30шт,exact,1,1161,Подвес прямой 0.09 * 300мм
подвеса,kb_group,1,1160,Подвес прямой 0.07 * 300мм
подвесов,kb_group,1,1160,Подвес прямой 0.07 * 300мм
подвесы,kb_group,1,1160,Подвес прямой 0.07 * 300мм
подвесы 22,exact,1,1160,Подвес прямой 0.07 * 300мм
подвесы 60шт,exact,1,1160,Подвес прямой 0.07 * 300мм
подвесы жесткие-50 шт,exact,1,1161,Подвес прямой 0.09 * 300мм
потолочка,kb_group,1,708,Потолочный профиль АЛ гарпунный 2.5м А-2177.2
потолочки,kb_group,1,708,Потолочный профиль АЛ гарпунный 2.5м А-2177.2
потолочку,kb_group,1,708,Потолочный профиль АЛ гарпунный 2.5м А-2177.2
потолочная,kb_group,1,708,Потолочный профиль АЛ гарпунный 2.5м А-2177.2
потолочный,kb_group,1,708,Потолочный профиль АЛ гарпунный 2.5м А-2177.2
потолочный профиль 5 метров,exact,1,708,Потолочный профиль АЛ гарпунный 2.5м А-2177.2
провод,kb_group/manual,4,"1176, 1177, 1178, 1179",Кабель/провод ВВГнг 2*1.5 ГОСТ | Кабель/провод ПУГВВ 2*1.5 ГОСТ | Кабель/провод ШВВП 2*0.75 ГОСТ | Кабель/провод ШВВП 2*0.75 ТУ
"провод 0,75 гост",kb_group,1,1178,Кабель/провод ШВВП 2*0.75 ГОСТ
провод 0.75,kb_group,4,"1176, 1177, 1178, 1179",Кабель/провод ВВГнг 2*1.5 ГОСТ | Кабель/провод ПУГВВ 2*1.5 ГОСТ | Кабель/провод ШВВП 2*0.75 ГОСТ | Кабель/провод ШВВП 2*0.75 ТУ
провод 12м,exact,1,1178,Кабель/провод ШВВП 2*0.75 ГОСТ
"провод 2*1,5",kb_group,4,"1176, 1177, 1178, 1179",Кабель/провод ВВГнг 2*1.5 ГОСТ | Кабель/провод ПУГВВ 2*1.5 ГОСТ | Кабель/провод ШВВП 2*0.75 ГОСТ | Кабель/провод ШВВП 2*0.75 ТУ
"провод 2/1,5",kb_group,4,"1176, 1177, 1178, 1179",Кабель/провод ВВГнг 2*1.5 ГОСТ | Кабель/провод ПУГВВ 2*1.5 ГОСТ | Кабель/провод ШВВП 2*0.75 ГОСТ | Кабель/провод ШВВП 2*0.75 ТУ
провод 2х0.75 гост,kb_group,1,1178,Кабель/провод ШВВП 2*0.75 ГОСТ
"провод 60м 2/1,5",exact,1,1176,Кабель/провод ВВГнг 2*1.5 ГОСТ
провод гост,kb_group,1,1178,Кабель/провод ШВВП 2*0.75 ГОСТ
провод гост 0.75,kb_group,1,1178,Кабель/провод ШВВП 2*0.75 ГОСТ
провод гост 2*0.75,kb_group,1,1178,Кабель/провод ШВВП 2*0.75 ГОСТ
провод швп-30 метров,exact,1,1178,Кабель/провод ШВВП 2*0.75 ГОСТ
провода,kb_group,4,"1176, 1177, 1178, 1179",Кабель/провод ВВГнг 2*1.5 ГОСТ | Кабель/провод ПУГВВ 2*1.5 ГОСТ | Кабель/провод ШВВП 2*0.75 ГОСТ | Кабель/провод ШВВП 2*0.75 ТУ
профиль,kb_group,1,701,Профиль СТАНДАРТ (135г/м) АЛ стеновой гарпунный перфорирован
профиль 130,kb_group,1,701,Профиль СТАНДАРТ (135г/м) АЛ стеновой гарпунный перфорирован
профиль 135,kb_group,1,701,Профиль СТАНДАРТ (135г/м) АЛ стеновой гарпунный перфорирован
профиль 135 гр,kb_group,1,701,Профиль СТАНДАРТ (135г/м) АЛ стеновой гарпунный перфорирован
профиль пвх,kb_group,1,711,Профиль ПВХ стеновой гарпунный перфорированный 2.0м
профиль пвх простой 14 метров,exact,1,711,Профиль ПВХ стеновой гарпунный перфорированный 2.0м
профиль простой 70 метров,exact,1,701,Профиль СТАНДАРТ (135г/м) АЛ стеновой гарпунный перфорирован
профиль средний,kb_group,1,701,Профиль СТАНДАРТ (135г/м) АЛ стеновой гарпунный перфорирован
профиль стандарт,kb_group,1,701,Профиль СТАНДАРТ (135г/м) АЛ стеновой гарпунный перфорирован
профиль стандарт 135 гр,kb_group,1,701,Профиль СТАНДАРТ (135г/м) АЛ стеновой гарпунный перфорирован
профиля,kb_group,1,701,Профиль СТАНДАРТ (135г/м) АЛ стеновой гарпунный перфорирован
профиля стандарт,kb_group,1,701,Профиль СТАНДАРТ (135г/м) АЛ стеновой гарпунный перфорирован
пульт dumlight одноканальный 1шт,fuzzy,1,1454,Пульт Dumlight Ampe RMT-1DTW / MONORT1 - 1 зона(черный) по 3
пульт на 3 зоны,exact,1,1455,Пульт Dumlight Ampe RMT-4DTW / MONORT6 - 4 зоны(черный)
рассеиват в пк 20м,fuzzy,1,498,"Вставка/рассеиватель ЭКРАН полупрозрачный для ПК14, ПК16, si"
рушка,kb_group,2,"46, 47","Вставка RU узкая для ПК14, ПК16, АМ1 - Белая | Вставка RU узкая для ПК14, ПК16, АМ1 - Черная"
рушка 12 метров,exact,1,46,"Вставка RU узкая для ПК14, ПК16, АМ1 - Белая"
рушка белая,kb_group,2,"46, 47","Вставка RU узкая для ПК14, ПК16, АМ1 - Белая | Вставка RU узкая для ПК14, ПК16, АМ1 - Черная"
рушка черная,kb_group,2,"46, 47","Вставка RU узкая для ПК14, ПК16, АМ1 - Белая | Вставка RU узкая для ПК14, ПК16, АМ1 - Черная"
рушки,kb_group,2,"46, 47","Вставка RU узкая для ПК14, ПК16, АМ1 - Белая | Вставка RU узкая для ПК14, ПК16, АМ1 - Черная"
рушку,kb_group,2,"46, 47","Вставка RU узкая для ПК14, ПК16, АМ1 - Белая | Вставка RU узкая для ПК14, ПК16, АМ1 - Черная"
саморез 35,kb_group,2,"1183, 1184","Саморезы 3.5*35 черные (1,81/2,35 кг..) | Саморезы 3.5*41 черные (2,07 кг.)"
саморезы,kb_group,2,"1183, 1184","Саморезы 3.5*35 черные (1,81/2,35 кг..) | Саморезы 3.5*41 черные (2,07 кг.)"
саморезы 35,kb_group,2,"1183, 1184","Саморезы 3.5*35 черные (1,81/2,35 кг..) | Саморезы 3.5*41 черные (2,07 кг.)"
саморезы 35-25е по пачке,exact/fuzzy,2,"1182, 1183","Саморезы 3.5*25 черные (2.72кг) | Саморезы 3.5*35 черные (1,81/2,35 кг..)"
саморезы 35-пачку,fuzzy,1,1183,"Саморезы 3.5*35 черные (1,81/2,35 кг..)"
саморезы 35мм,kb_group,2,"1183, 1184","Саморезы 3.5*35 черные (1,81/2,35 кг..) | Саморезы 3.5*41 черные (2,07 кг.)"
саморезы 35мм: 1 упаковка,fuzzy,1,1183,"Саморезы 3.5*35 черные (1,81/2,35 кг..)"
саморезы 41,kb_group,2,"1183, 1184","Саморезы 3.5*35 черные (1,81/2,35 кг..) | Саморезы 3.5*41 черные (2,07 кг.)"
саморезы 41-е 300шт,exact,1,1184,"Саморезы 3.5*41 черные (2,07 кг.)"
саморезы с пресшайбой со сверлом 13-е 100шт,exact,1,1186,"Саморезы 4.2*13 с прессшайбой со сверлом (3,14кг в упаковке)"
светильник gx 53 белый,kb_group,2,"1300, 1292",Светильник GX53 Белый под 85 кольцо | Светильник GX53 Белый под 90 кольцо
светильник gx белые,kb_group,2,"1300, 1292",Светильник GX53 Белый под 85 кольцо | Светильник GX53 Белый под 90 кольцо
светильник gx53 белый,kb_group,2,"1300, 1292",Светильник GX53 Белый под 85 кольцо | Светильник GX53 Белый под 90 кольцо
светильники gx 53,kb_group,2,"1300, 1292",Светильник GX53 Белый под 85 кольцо | Светильник GX53 Белый под 90 кольцо
светильники gx 53 белые,kb_group,2,"1300, 1292",Светильник GX53 Белый под 85 кольцо | Светильник GX53 Белый под 90 кольцо
светильники gx белые,kb_group,2,"1300, 1292",Светильник GX53 Белый под 85 кольцо | Светильник GX53 Белый под 90 кольцо
светильники gx белые 8,exact,1,1292,Светильник GX53 Белый под 90 кольцо
светильники gx53,kb_group,2,"1300, 1292",Светильник GX53 Белый под 85 кольцо | Светильник GX53 Белый под 90 кольцо
светильники gx53 белые,kb_group,2,"1300, 1292",Светильник GX53 Белый под 85 кольцо | Светильник GX53 Белый под 90 кольцо
светильники белые gx53,kb_group,2,"1300, 1292",Светильник GX53 Белый под 85 кольцо | Светильник GX53 Белый под 90 кольцо
светильников gx53,kb_group,2,"1300, 1292",Светильник GX53 Белый под 85 кольцо | Светильник GX53 Белый под 90 кольцо
световая линия,kb_group,1,974,FLEXY LINE 30 ПФ 6838 Профиль АЛ световая линия 30мм 2.0м 10
световая линия 3 см,kb_group,1,974,FLEXY LINE 30 ПФ 6838 Профиль АЛ световая линия 30мм 2.0м 10
световая линия 30 мм,kb_group,1,974,FLEXY LINE 30 ПФ 6838 Профиль АЛ световая линия 30мм 2.0м 10
световая линия 30мм,kb_group,1,974,FLEXY LINE 30 ПФ 6838 Профиль АЛ световая линия 30мм 2.0м 10
световая линия 3см,kb_group,1,974,FLEXY LINE 30 ПФ 6838 Профиль АЛ световая линия 30мм 2.0м 10
световые линии 30- 6 метров,exact/fuzzy,3,"974, 474, 392",FLEXY LINE 30 ПФ 6838 Профиль АЛ световая линия 30мм 2.0м 10 | SCREEN 30 Экран светорассеивающий поликарбонат | TOREC 30 Торцевая заглушка черный пластик для световой линии
световые линии 30- 8 метров,fuzzy,1,974,FLEXY LINE 30 ПФ 6838 Профиль АЛ световая линия 30мм 2.0м 10
скотч алюм 2,fuzzy,1,1275,Скотч алюминиевый RICH - 48 мм.* 10 м.
стандарт 42метра,exact,1,701,Профиль СТАНДАРТ (135г/м) АЛ стеновой гарпунный перфорирован
стена тяж 100м,exact,1,702,Профиль ТЯЖЕЛЫЙ (145г/м) АЛ стеновой гарпунный перфорированн
стяжки-пачку,exact,1,1269,Хомут стяжка 2.5*150мм
термокольцо 120 2шт,exact,1,108,Протекторное кольцо - D 120мм
торец для гардины 2 комплекта,exact,1,404,Комплект торцевых заглушек TOREC GARDINA2 05 ПФ 122-311 (на 
торцевые 4шт,exact,1,415,Комплект торцевых заглушек ПК14 (на 2 торца профиля) - Белый
торцевые заглушки на flexy 30мм 4шт,exact,1,392,TOREC 30 Торцевая заглушка черный пластик для световой линии
торцы для пк 5 пар,exact,1,415,Комплект торцевых заглушек ПК14 (на 2 торца профиля) - Белый
торцы к линии 3 комплекта,exact,1,392,TOREC 30 Торцевая заглушка черный пластик для световой линии
торцы к ней 3 комплекта,exact,1,415,Комплект торцевых заглушек ПК14 (на 2 торца профиля) - Белый
тройные ваги,kb_group,1,1203,Ваго 3х канальные
труба (27) 2шт + конусы,exact,2,"257, 243",Заглушка трубы D27 Белый конус | Обвод трубы пластина D27 L210 толщ. 2.5мм белый
труба (32) 2шт + конусы,exact,2,"256, 242",Заглушка трубы D32 Белый конус | Обвод трубы пластина D32 L210 толщ. 2.5мм белый
угол крепежный 100*75мм,kb_group,1,1162,Кронштейн (уголок металлический) 075х100 белый (3/4) 288 шт/
"угол мебельный 12,5*15,0",kb_group,9,"1162, 1163, 1164, 1165, 1166, 1167, 1168, 1169, 1170",Кронштейн (уголок металлический) 075х100 белый (3/4) 288 шт/ | Кронштейн (уголок металлический) 100х125 белый (4/5) 288 шт/ | Кронштейн (уголок металлический) 125х150 белый (5/6) 288 шт/ | Кронштейн (уголок металлический) 150х200 белый (6/8) 288 шт/ | Кронштейн (уголок металлический) 200х250 белый (8/10) 144 шт | ...+4
угол пк наружный,kb_group,1,880,"Профиль ПК15 (2-х ряд Гардина) МАТОВЫЙ ЧЕРНЫЙ (3,2м) 12,8м/у"
угол сварной крестообразный flexy line 50,kb_group,1,456,Крестообразный элемент FLEXY LINE 50 ПФ 7320
угол сварной прямой flexy trek 01,kb_group,1,460,L - образный элемент FLEXY TREK 01 ПФ 8049
уголки (консоль) 4/5,kb_group,9,"1162, 1163, 1164, 1165, 1166, 1167, 1168, 1169, 1170",Кронштейн (уголок металлический) 075х100 белый (3/4) 288 шт/ | Кронштейн (уголок металлический) 100х125 белый (4/5) 288 шт/ | Кронштейн (уголок металлический) 125х150 белый (5/6) 288 шт/ | Кронштейн (уголок металлический) 150х200 белый (6/8) 288 шт/ | Кронштейн (уголок металлический) 200х250 белый (8/10) 144 шт | ...+4
уголки 100*125,kb_group,9,"1162, 1163, 1164, 1165, 1166, 1167, 1168, 1169, 1170",Кронштейн (уголок металлический) 075х100 белый (3/4) 288 шт/ | Кронштейн (уголок металлический) 100х125 белый (4/5) 288 шт/ | Кронштейн (уголок металлический) 125х150 белый (5/6) 288 шт/ | Кронштейн (уголок металлический) 150х200 белый (6/8) 288 шт/ | Кронштейн (уголок металлический) 200х250 белый (8/10) 144 шт | ...+4
уголки 100*125-пачку,exact,1,1163,Кронштейн (уголок металлический) 100х125 белый (4/5) 288 шт/
уголки 100х125,kb_group,9,"1162, 1163, 1164, 1165, 1166, 1167, 1168, 1169, 1170",Кронштейн (уголок металлический) 075х100 белый (3/4) 288 шт/ | Кронштейн (уголок металлический) 100х125 белый (4/5) 288 шт/ | Кронштейн (уголок металлический) 125х150 белый (5/6) 288 шт/ | Кронштейн (уголок металлический) 150х200 белый (6/8) 288 шт/ | Кронштейн (уголок металлический) 200х250 белый (8/10) 144 шт | ...+4
уголки 125*150,kb_group,9,"1162, 1163, 1164, 1165, 1166, 1167, 1168, 1169, 1170",Кронштейн (уголок металлический) 075х100 белый (3/4) 288 шт/ | Кронштейн (уголок металлический) 100х125 белый (4/5) 288 шт/ | Кронштейн (уголок металлический) 125х150 белый (5/6) 288 шт/ | Кронштейн (уголок металлический) 150х200 белый (6/8) 288 шт/ | Кронштейн (уголок металлический) 200х250 белый (8/10) 144 шт | ...+4
уголки 125-е,kb_group,9,"1162, 1163, 1164, 1165, 1166, 1167, 1168, 1169, 1170",Кронштейн (уголок металлический) 075х100 белый (3/4) 288 шт/ | Кронштейн (уголок металлический) 100х125 белый (4/5) 288 шт/ | Кронштейн (уголок металлический) 125х150 белый (5/6) 288 шт/ | Кронштейн (уголок металлический) 150х200 белый (6/8) 288 шт/ | Кронштейн (уголок металлический) 200х250 белый (8/10) 144 шт | ...+4
уголки 125-е 26шт,exact,1,1163,Кронштейн (уголок металлический) 100х125 белый (4/5) 288 шт/
уголки 125/150,kb_group,9,"1162, 1163, 1164, 1165, 1166, 1167, 1168, 1169, 1170",Кронштейн (уголок металлический) 075х100 белый (3/4) 288 шт/ | Кронштейн (уголок металлический) 100х125 белый (4/5) 288 шт/ | Кронштейн (уголок металлический) 125х150 белый (5/6) 288 шт/ | Кронштейн (уголок металлический) 150х200 белый (6/8) 288 шт/ | Кронштейн (уголок металлический) 200х250 белый (8/10) 144 шт | ...+4
уголки 125/150 - 100шт,exact,1,1164,Кронштейн (уголок металлический) 125х150 белый (5/6) 288 шт/
уголки 150-е 12шт,exact,1,1164,Кронштейн (уголок металлический) 125х150 белый (5/6) 288 шт/
уголки 150х200 3шт,exact,1,1165,Кронштейн (уголок металлический) 150х200 белый (6/8) 288 шт/
уголки 50х50 усиленные,kb_group,3,"1172, 1173, 1174",Уголок крепёжный усиленный 50*50мм | Уголок крепёжный усиленный 70*70мм | Уголок крепёжный усиленный 90*90мм
уголки 70х70 30шт,exact,1,1173,Уголок крепёжный усиленный 70*70мм
уголки 70х70 усиленные,kb_group,3,"1172, 1173, 1174",Уголок крепёжный усиленный 50*50мм | Уголок крепёжный усиленный 70*70мм | Уголок крепёжный усиленный 90*90мм
уголки 90 градусов 2 шт к линиям,exact,1,448,L - образный элемент FLEXY LINE 30 ПФ 6838
уголки белые 15х20,kb_group,9,"1162, 1163, 1164, 1165, 1166, 1167, 1168, 1169, 1170",Кронштейн (уголок металлический) 075х100 белый (3/4) 288 шт/ | Кронштейн (уголок металлический) 100х125 белый (4/5) 288 шт/ | Кронштейн (уголок металлический) 125х150 белый (5/6) 288 шт/ | Кронштейн (уголок металлический) 150х200 белый (6/8) 288 шт/ | Кронштейн (уголок металлический) 200х250 белый (8/10) 144 шт | ...+4
уголки для карнизов,kb_group,2,"1163, 1164",Кронштейн (уголок металлический) 100х125 белый (4/5) 288 шт/ | Кронштейн (уголок металлический) 125х150 белый (5/6) 288 шт/
уголки консоли 100х125,kb_group,9,"1162, 1163, 1164, 1165, 1166, 1167, 1168, 1169, 1170",Кронштейн (уголок металлический) 075х100 белый (3/4) 288 шт/ | Кронштейн (уголок металлический) 100х125 белый (4/5) 288 шт/ | Кронштейн (уголок металлический) 125х150 белый (5/6) 288 шт/ | Кронштейн (уголок металлический) 150х200 белый (6/8) 288 шт/ | Кронштейн (уголок металлический) 200х250 белый (8/10) 144 шт | ...+4
уголки консоли 125х150,kb_group,9,"1162, 1163, 1164, 1165, 1166, 1167, 1168, 1169, 1170",Кронштейн (уголок металлический) 075х100 белый (3/4) 288 шт/ | Кронштейн (уголок металлический) 100х125 белый (4/5) 288 шт/ | Кронштейн (уголок металлический) 125х150 белый (5/6) 288 шт/ | Кронштейн (уголок металлический) 150х200 белый (6/8) 288 шт/ | Кронштейн (уголок металлический) 200х250 белый (8/10) 144 шт | ...+4
уголки маленькие,kb_group,2,"1162, 1163",Кронштейн (уголок металлический) 075х100 белый (3/4) 288 шт/ | Кронштейн (уголок металлический) 100х125 белый (4/5) 288 шт/
уголки маленькие 100 мм,kb_group,2,"1162, 1163",Кронштейн (уголок металлический) 075х100 белый (3/4) 288 шт/ | Кронштейн (уголок металлический) 100х125 белый (4/5) 288 шт/
уголки регулировочные,kb_group,1,1175,Уголок регулируемый монтажный FLEXY 30*90мм
уголки регулировочные флекси,kb_group,1,1175,Уголок регулируемый монтажный FLEXY 30*90мм
уголки регулировочные флекси 20 шт,exact,1,1175,Уголок регулируемый монтажный FLEXY 30*90мм
уголки самые большие,kb_group,1,1170,Кронштейн (уголок металлический) 400х450 белый (16/18) 72шт
уголки со стороной 200,kb_group,4,"1165, 1166, 1167, 1168",Кронштейн (уголок металлический) 150х200 белый (6/8) 288 шт/ | Кронштейн (уголок металлический) 200х250 белый (8/10) 144 шт | Кронштейн (уголок металлический) 250х300 белый (10/12) 144 ш | Кронштейн (уголок металлический) 300х350 белый (12/14) 120 ш
уголки флекси,kb_group,1,1175,Уголок регулируемый монтажный FLEXY 30*90мм
уголков еще штук 20 (100/125),exact,1,1163,Кронштейн (уголок металлический) 100х125 белый (4/5) 288 шт/
уголок консоль 75/100,kb_group,9,"1162, 1163, 1164, 1165, 1166, 1167, 1168, 1169, 1170",Кронштейн (уголок металлический) 075х100 белый (3/4) 288 шт/ | Кронштейн (уголок металлический) 100х125 белый (4/5) 288 шт/ | Кронштейн (уголок металлический) 125х150 белый (5/6) 288 шт/ | Кронштейн (уголок металлический) 150х200 белый (6/8) 288 шт/ | Кронштейн (уголок металлический) 200х250 белый (8/10) 144 шт | ...+4
уголок крепежный усиленный 70х70 мм,kb_group,3,"1172, 1173, 1174",Уголок крепёжный усиленный 50*50мм | Уголок крепёжный усиленный 70*70мм | Уголок крепёжный усиленный 90*90мм
уголок крепежный усиленный 90x90 мм,kb_group,3,"1172, 1173, 1174",Уголок крепёжный усиленный 50*50мм | Уголок крепёжный усиленный 70*70мм | Уголок крепёжный усиленный 90*90мм
уголок кронштейн 100/125,kb_group,3,"1162, 1163, 1164",Кронштейн (уголок металлический) 075х100 белый (3/4) 288 шт/ | Кронштейн (уголок металлический) 100х125 белый (4/5) 288 шт/ | Кронштейн (уголок металлический) 125х150 белый (5/6) 288 шт/
уголок мебельный 100/125,kb_group,1,1163,Кронштейн (уголок металлический) 100х125 белый (4/5) 288 шт/
уголок мебельный 12 – 15 см,kb_group,1,1164,Кронштейн (уголок металлический) 125х150 белый (5/6) 288 шт/
уголок мебельный 12-15 см,kb_group,1,1164,Кронштейн (уголок металлический) 125х150 белый (5/6) 288 шт/
уголок мебельный 15-20 см,kb_group,1,1165,Кронштейн (уголок металлический) 150х200 белый (6/8) 288 шт/
уголок металлический 100х125,kb_group,1,1163,Кронштейн (уголок металлический) 100х125 белый (4/5) 288 шт/
уголок монтажный флекси,kb_group,1,1175,Уголок регулируемый монтажный FLEXY 30*90мм
уголок регулировочный флекси,kb_group,1,1175,Уголок регулируемый монтажный FLEXY 30*90мм
уголок регулируемый монтажный flexy 30х90 мм,kb_group,1,1175,Уголок регулируемый монтажный FLEXY 30*90мм
уголок флекси,kb_group,1,1175,Уголок регулируемый монтажный FLEXY 30*90мм
уголок-кронштейн металлический белый 100х125 мм,kb_group,1,1163,Кронштейн (уголок металлический) 100х125 белый (4/5) 288 шт/
уголок-кронштейн металлический белый 125х150 мм,kb_group,1,1164,Кронштейн (уголок металлический) 125х150 белый (5/6) 288 шт/
уголок-кронштейн металлический белый 150х200 мм,kb_group,1,1165,Кронштейн (уголок металлический) 150х200 белый (6/8) 288 шт/
уголок-кронштейн металлический белый 75х100 мм,kb_group,1,1162,Кронштейн (уголок металлический) 075х100 белый (3/4) 288 шт/
узкая вставка на пк,kb_group,1,46,"Вставка RU узкая для ПК14, ПК16, АМ1 - Белая"
укрывка,kb_group,1,1277,"Укрывная пленка FIXALL 2,7*20м"
укрывка стен,kb_group,1,1277,"Укрывная пленка FIXALL 2,7*20м"
укрывная,kb_group,1,1277,"Укрывная пленка FIXALL 2,7*20м"
укрывная пленка,kb_group,1,1277,"Укрывная пленка FIXALL 2,7*20м"
укрывная пленка masko 2.7х20 м (54 кв.м.),kb_group,1,1277,"Укрывная пленка FIXALL 2,7*20м"
укрывная пленка хорошая,kb_group,1,1277,"Укрывная пленка FIXALL 2,7*20м"
укрывной,kb_group,1,1277,"Укрывная пленка FIXALL 2,7*20м"
укрывной картон,kb_group,1,1274,"Картон гофрированный двухслойный 1,05х23,8 м (25 кв.м) (Гофр"
укрывной пленки,kb_group,1,1277,"Укрывная пленка FIXALL 2,7*20м"
укрывную пленку,kb_group,1,1277,"Укрывная пленка FIXALL 2,7*20м"
укрывочная пленка,kb_group,1,1277,"Укрывная пленка FIXALL 2,7*20м"
улайн теневой,kb_group,1,775,Профиль стеновой теневой U-Line Pro Mini Чёрный 2.0м АТ-6626
ультратонкий диф с вентилятором,kb_group,1,371,Комплект CRAFT UNION ONE CLICK UltraSlim (Теневой диффузор +
универсалки,kb_group,1,68,Круглая универсальная платформа 060-110мм под светильник
универсалки 60-110,kb_group,1,68,Круглая универсальная платформа 060-110мм под светильник
универсалок,kb_group,1,68,Круглая универсальная платформа 060-110мм под светильник
универсалок под светильник,kb_group,1,68,Круглая универсальная платформа 060-110мм под светильник
универсальная закладная для светильника 60-120 2шт,exact,1,71,Круглая универсальная платформа 060-120мм под светильник
фалера под люстру,kb_group,1,225,Платформа из фанеры 12мм под люстру квадрат 280*280мм с выре
фанера для люстры,kb_group,1,225,Платформа из фанеры 12мм под люстру квадрат 280*280мм с выре
фанера люстра,kb_group,1,225,Платформа из фанеры 12мм под люстру квадрат 280*280мм с выре
фанера под вытяжку,kb_group,1,227,Платформа из фанеры 12мм под вытяжку квадрат 220*220мм вырез
фанера под вытяжку 105,kb_group,1,227,Платформа из фанеры 12мм под вытяжку квадрат 220*220мм вырез
фанера под люстру,kb_group,1,225,Платформа из фанеры 12мм под люстру квадрат 280*280мм с выре
фанера под люстру с вырезом,kb_group,1,225,Платформа из фанеры 12мм под люстру квадрат 280*280мм с выре
фатон 80 черный,kb_group,1,1024,Конструкционный профиль с подсветкой FOTON 100 - чёрный 2 м.
фатон черный,kb_group,1,1030,Конструкционный профиль с подсветкой FOTON черный 2.0м (Проф
феникс черный,kb_group,1,831,Профиль парящий для интерьерной подсветки FENIX черный 2.0м 
флай 01 черный,kb_group,1,797,FLEXY FLY 01 ПФ 6675 Профиль АЛ стеновой парящий черный 2.0м
флай 02 бел,kb_group,1,798,FLEXY FLY 02 ПФ 8406 Профиль АЛ стеновой парящий белый 2.0м 
флай 02 по периметру(1) флай 02,kb_group,3,"798, 799, 800",FLEXY FLY 02 ПФ 8406 Профиль АЛ стеновой парящий белый 2.0м  | FLEXY FLY 02 ПФ 8406 Профиль АЛ стеновой парящий неокрашенны | FLEXY FLY 02 ПФ 8406 Профиль АЛ стеновой парящий черный 2.0м
флай 02 черный,kb_group,1,800,FLEXY FLY 02 ПФ 8406 Профиль АЛ стеновой парящий черный 2.0м
флай02 бел+рассеиватель,kb_group,1,798,FLEXY FLY 02 ПФ 8406 Профиль АЛ стеновой парящий белый 2.0м 
флекси 3см,kb_group,1,974,FLEXY LINE 30 ПФ 6838 Профиль АЛ световая линия 30мм 2.0м 10
флекси брус 01,kb_group,1,735,FLEXY BRUS 01 ПФ 6867 Профиль АЛ конструктивный брус с подсв
флекси брус 02,kb_group,1,736,FLEXY BRUS 02 ПФ 8245 Профиль АЛ конструктивный брус с подсв
флекси брус 04,kb_group,1,739,FLEXY BRUS 04 ПФ 8674 Профиль АЛ конструктивный брус теневой
флекси евро 02,kb_group,1,749,FLEXY EURO 02 ПФ 7206 Профиль АЛ стеновой теневой черный 2.0
флекси евро 06,kb_group,1,753,FLEXY EURO 06 ПФ 3347 Профиль АЛ потолочный теневой черный 2
флекси евро06,kb_group,1,753,FLEXY EURO 06 ПФ 3347 Профиль АЛ потолочный теневой черный 2
флекси лайн 15,kb_group,1,970,FLEXY LINE 15 ПФ 7140 Профиль АЛ световая линия 15мм 2.0м 10
флекси мини,kb_group,1,748,FLEXY EURO 01 ПФ 8244 Профиль АЛ стеновой теневой черный 2.0
флекси разделок,kb_group,1,751,FLEXY EURO 04 ПФ 10635 Профиль АЛ разделительный теневой чер
флекси тень 02,kb_group,1,749,FLEXY EURO 02 ПФ 7206 Профиль АЛ стеновой теневой черный 2.0
флекси флай 01 белый,kb_group,1,796,FLEXY FLY 01 ПФ 6675 Профиль АЛ стеновой парящий белый 2.0м 
флекси флай 02,kb_group,3,"798, 799, 800",FLEXY FLY 02 ПФ 8406 Профиль АЛ стеновой парящий белый 2.0м  | FLEXY FLY 02 ПФ 8406 Профиль АЛ стеновой парящий неокрашенны | FLEXY FLY 02 ПФ 8406 Профиль АЛ стеновой парящий черный 2.0м
флекси флай 02 бел,kb_group,1,798,FLEXY FLY 02 ПФ 8406 Профиль АЛ стеновой парящий белый 2.0м 
флекси флай 02 белый,kb_group,1,798,FLEXY FLY 02 ПФ 8406 Профиль АЛ стеновой парящий белый 2.0м 
флекси флай 02 чер,kb_group,1,800,FLEXY FLY 02 ПФ 8406 Профиль АЛ стеновой парящий черный 2.0м
флекси флай 02 черн,kb_group,1,800,FLEXY FLY 02 ПФ 8406 Профиль АЛ стеновой парящий черный 2.0м
флекси флай 02 черный,kb_group,1,800,FLEXY FLY 02 ПФ 8406 Профиль АЛ стеновой парящий черный 2.0м
флекси шторка,kb_group,1,848,SHTORKA ПФ 10175 АЛ профиль белый 2.0м 40 м/уп
флекси шторка 2м,exact/fuzzy,3,"970, 848, 391",FLEXY LINE 15 ПФ 7140 Профиль АЛ световая линия 15мм 2.0м 10 | SHTORKA ПФ 10175 АЛ профиль белый 2.0м 40 м/уп | TOREC 15 Торцевая заглушка черный пластик для световой линии
флекси шторка белая,kb_group,1,848,SHTORKA ПФ 10175 АЛ профиль белый 2.0м 40 м/уп
флекси шторка черная,kb_group,1,849,SHTORKA ПФ 10175 АЛ профиль черный 2.0м 40 м/уп
фло 01 + рассеиваетель,kb_group,4,"798, 799, 800, 479",FLEXY FLY 02 ПФ 8406 Профиль АЛ стеновой парящий белый 2.0м  | FLEXY FLY 02 ПФ 8406 Профиль АЛ стеновой парящий неокрашенны | FLEXY FLY 02 ПФ 8406 Профиль АЛ стеновой парящий черный 2.0м | FLEXY PVC FLY Вставка светорассеивающая силикон для профиля 
флэкси брус 03 белый,kb_group,1,737,FLEXY BRUS 03 ПФ 8153 Профиль АЛ конструктивный брус нишевой
фотон,kb_group,2,"1029, 1030",Конструкционный профиль с подсветкой FOTON белый 2.0м (Профи | Конструкционный профиль с подсветкой FOTON черный 2.0м (Проф
фотон черный- 10 м,fuzzy,1,1030,Конструкционный профиль с подсветкой FOTON черный 2.0м (Проф
хилберг,kb_group,1,1219,Алмазная коронка 6мм HILBERG М14 HH606
хилберг 3шт,exact,1,1219,Алмазная коронка 6мм HILBERG М14 HH606
хилберг/воск,kb_group,1,1219,Алмазная коронка 6мм HILBERG М14 HH606
хилбирг коронка 6мм,kb_group,1,1219,Алмазная коронка 6мм HILBERG М14 HH606
хомут с отверстием под саморез пачку,exact,1,1270,Хомут стяжка с отверстием 3.5*150мм
хомуты,kb_group,1,1269,Хомут стяжка 2.5*150мм
черная вставка по периметру,kb_group,1,41,Вставка белая TL Готика
чопик,kb_group,2,"1207, 1209",Дюбель 6*35- синий (1000шт) | Дюбель 6*40- синий (1000шт)
чпу закладная 80х160,kb_group,3,"230, 231, 233",Платформа из ПВХ 10мм с отторгающей 160*82мм (для светильник | Платформа из ПВХ 10мм с отторгающей 160*82мм (для светильник | Платформа из ПВХ 10мм с отторгающей 160*82мм (для светильник
шввп,kb_group,2,"1178, 1179",Кабель/провод ШВВП 2*0.75 ГОСТ | Кабель/провод ШВВП 2*0.75 ТУ
шввп гост,kb_group,1,1178,Кабель/провод ШВВП 2*0.75 ГОСТ
шввп ту,kb_group,1,1178,Кабель/провод ШВВП 2*0.75 ГОСТ
швп,kb_group,2,"1178, 1179",Кабель/провод ШВВП 2*0.75 ГОСТ | Кабель/провод ШВВП 2*0.75 ТУ
швпп,kb_group,2,"1178, 1179",Кабель/провод ШВВП 2*0.75 ГОСТ | Кабель/провод ШВВП 2*0.75 ТУ
шим-фильтр pwm-240-12/24,kb_group,1,1479,ШИМ-фильтр/модуль SWG - PWM - 240Вт - 12/24В - 10A - IP20
шим-фильтр/модуль swg - pwm - 240вт - 12/24в - 10a - ip20,kb_group,1,1479,ШИМ-фильтр/модуль SWG - PWM - 240Вт - 12/24В - 10A - IP20
шинопровод по 2м,kb_group,6,"1542, 1543, 1538, 1539, 1541, 1540",Однофазный трековый шинопровод 2TRA 20788 белый длина 1м | Однофазный трековый шинопровод 2TRA 20789 чёрный длина 1м | Однофазный трековый шинопровод 2TRA 20790 белый длина 2м | Однофазный трековый шинопровод 2TRA 20791 черный длина 2м | Однофазный трековый шинопровод 2TRA 20792 белый длина 3м | ...+1
шпатель hanov 'синяк' тонкий многофункциональный,kb_group,1,1090,Шпатель Синяк
шпатель hanov 4пе парящий евро,kb_group,1,1068,4ПЕ Шпатель ХАНОВ парящий Евро 30мм для парящих профилей
шпатель hanov 5 парящий,kb_group,2,"1069, 1070","5 Шпатель ХАНОВ 5см для заправки гарпуна в парящий профиль,  | 5ЕП Шпатель ХАНОВ ЕвроПарящий для заправки гарпуна в профиль"
шпатель hanov unoevro для eurokraab,kb_group,1,1091,Шпатель ХАНОВ UnoEvro для натяжки и заправки EvroKraab
шпатель для теневого профиля,kb_group,3,"1132, 1150, 1151","Шпатель ПВХ Универсал 60/110 мм. МАСТЕРОК 3 гиба 1,2 мм. (РК | Шпатель №38 | Шпатель №40"
шпатель под еврокрааб профиль эксперементальный (ханов),kb_group,1,1063,"1ЕК Шпатель под Еврокрааб профиль,эксперементальный (Ханов)"
шпатель ханов unoevro для натяжки и заправки evrokraab,kb_group,1,1091,Шпатель ХАНОВ UnoEvro для натяжки и заправки EvroKraab
шпатель ханов синяк,kb_group,1,1090,Шпатель Синяк
шприц андреева,kb_group,1,1284,Шприц Андреева
штапик,kb_group,1,723,Штапик универсальный пластиковый 1.0м
шторка,kb_group,2,"848, 849",SHTORKA ПФ 10175 АЛ профиль белый 2.0м 40 м/уп | SHTORKA ПФ 10175 АЛ профиль черный 2.0м 40 м/уп
шторка ам 1,kb_group,2,"841, 843","Профиль АМ1 (1 ряд Гардина) МАТОВЫЙ БЕЛЫЙ (2,0м) 10м/у | Профиль АМ1 (1 ряд Гардина) МАТОВЫЙ ЧЕРНЫЙ (2,0м) 10м/у"
эйр краб,kb_group,1,759,Профиль AIRKRAAB стеновой теневой 2.0м + соединитель прямой
эклипс,kb_group,2,"373, 384",Теневой диффузор ECLIPSE под 100/125 трубу. (Вентилятор комп | Теневой диффузор SYMPHONY D125 мм. (Вентилятор в комплекте) 
эклипс оригинал,kb_group,1,373,Теневой диффузор ECLIPSE под 100/125 трубу. (Вентилятор комп
экран для линии флекси 3 см,kb_group,1,474,SCREEN 30 Экран светорассеивающий поликарбонат
экран для линий 9 метров,exact,1,474,SCREEN 30 Экран светорассеивающий поликарбонат
экран на световую линию,kb_group,1,475,SCREEN 50 Экран светорассеивающий поликарбонат
экран светорассеивающий flexy screen 15 белый,kb_group,1,474,SCREEN 30 Экран светорассеивающий поликарбонат
экран светорассеивающий flexy screen 30 белый,kb_group,1,474,SCREEN 30 Экран светорассеивающий поликарбонат
экран светорассеивающий flexy screen 30 черный,kb_group,1,480,SCREEN 30 BLACK Экран светорассеивающий поликарбонат ЧЕРНЫЙ
экран светорассеивающий flexy screen 50 белый,kb_group,1,475,SCREEN 50 Экран светорассеивающий поликарбонат
